"","COI.0421.2Brn.Up.1","COI.0421.2Brn.Up.3","COI.0421.3Chk.Dn.1","COI.0421.4Pad.Up11.3","COI.0421.5Sqm.Dn.2","COI.0421.5Sqm.Up.2","COI.0821.3Chk.Up.2","COI.0821.4Pad.Dn.1","COI.0821.4Pad.Up11.1","COI.0821.4Pad.Up5.2","COI.Kangaroo.Run.2"
"Metazoa__Arthropoda__Insecta__Diptera__NA__NA__NA__Taxon_001",42950,0,0,0,0,0,0,0,0,0,0
"Metazoa__Arthropoda__Insecta__NA__NA__NA__NA__Taxon_002",1241,0,0,0,0,0,0,0,0,0,0
"Metazoa__NA__NA__NA__NA__NA__NA__Taxon_003",8,21,0,5,0,0,385,184,164,93,0
"Metazoa__Arthropoda__Insecta__NA__NA__NA__NA__Taxon_004",768,0,0,0,0,0,0,0,0,0,0
"Metazoa__Rotifera__Bdelloidea__NA__NA__NA__NA__Taxon_005",3,994,0,0,0,0,0,54,0,0,0
"Metazoa__NA__NA__NA__NA__NA__NA__Taxon_006",53,204,28,12,46,18,7,0,5,55,0
"Metazoa__NA__NA__NA__NA__NA__NA__Taxon_007",290,187,0,0,0,0,0,0,0,7,0
"Metazoa__Rotifera__Bdelloidea__NA__NA__NA__NA__Taxon_008",124,0,0,0,0,0,0,0,0,0,0
"Metazoa__Rotifera__Bdelloidea__NA__NA__NA__NA__Taxon_009",119,6,0,82,0,8,0,13,0,0,0
"Metazoa__NA__NA__NA__NA__NA__NA__Taxon_010",5,45,4,4,13,9,0,0,15,16,0
"Metazoa__NA__NA__NA__NA__NA__NA__Taxon_011",32,16,0,0,0,0,0,0,33,21,0
"Metazoa__Arthropoda__Insecta__Plecoptera__Pteronarcyidae__Pteronarcys__Pteronarcys princeps__Taxon_012",21,41,0,0,0,0,14,2,0,21,0
"Metazoa__NA__NA__NA__NA__NA__NA__Taxon_013",21,59,0,0,21,9,16,0,0,17,0
"Metazoa__NA__NA__NA__NA__NA__NA__Taxon_014",13,34,0,0,0,4,12,5,0,43,0
"Metazoa__NA__NA__NA__NA__NA__NA__Taxon_015",34,60,0,0,0,0,0,0,0,0,0
"Metazoa__Rotifera__Bdelloidea__NA__NA__NA__NA__Taxon_016",67,0,0,0,0,0,0,0,0,0,0
"Metazoa__NA__NA__NA__NA__NA__NA__Taxon_017",17,44,0,0,0,0,0,0,0,0,0
"Metazoa__Rotifera__Bdelloidea__NA__NA__NA__NA__Taxon_018",51,0,0,0,0,0,0,0,0,0,0
"Metazoa__NA__NA__NA__NA__NA__NA__Taxon_019",12,27,3,0,0,2,3,0,0,7,0
"Metazoa__NA__NA__NA__NA__NA__NA__Taxon_020",44,0,0,0,0,0,0,0,0,0,0
"Metazoa__NA__NA__NA__NA__NA__NA__Taxon_021",18,20,0,0,0,0,0,0,5,0,0
"Metazoa__NA__NA__NA__NA__NA__NA__Taxon_022",4,37,0,0,0,0,0,0,0,0,0
"Metazoa__Nematoda__Chromadorea__Rhabditida__Aphelenchoididae__NA__NA__Taxon_023",38,8,0,0,0,0,0,0,0,0,0
"Metazoa__NA__NA__NA__NA__NA__NA__Taxon_024",4,13,0,5,8,7,0,0,0,0,0
"Metazoa__NA__NA__NA__NA__NA__NA__Taxon_025",11,25,2,0,0,0,0,0,0,12,0
"Metazoa__NA__NA__NA__NA__NA__NA__Taxon_026",5,14,0,0,0,0,0,0,0,11,0
"Metazoa__NA__NA__NA__NA__NA__NA__Taxon_027",5,21,0,0,0,0,0,0,0,11,0
"Viridiplantae__NA__NA__NA__NA__NA__NA__Taxon_028",3,8,10,0,0,0,0,0,0,21,0
"Metazoa__Annelida__Clitellata__Haplotaxida__Lumbricidae__Lumbricus__Lumbricus terrestris__Taxon_029",8,0,12,0,13,12,0,0,0,0,0
"Metazoa__Arthropoda__Insecta__Diptera__NA__NA__NA__Taxon_030",19,0,0,0,0,0,0,0,0,0,0
"Metazoa__NA__NA__NA__NA__NA__NA__Taxon_031",9,10,0,0,0,0,0,0,0,0,0
"Metazoa__NA__NA__NA__NA__NA__NA__Taxon_032",11,0,5,0,0,0,0,0,0,0,0
"Metazoa__NA__NA__NA__NA__NA__NA__Taxon_033",10,0,0,0,0,0,0,0,0,0,0
"Metazoa__Annelida__Clitellata__Haplotaxida__NA__NA__NA__Taxon_034",9,0,0,0,0,0,0,0,0,0,0
"Metazoa__NA__NA__NA__NA__NA__NA__Taxon_035",9,0,0,0,0,0,0,0,0,0,0
"Metazoa__NA__NA__NA__NA__NA__NA__Taxon_036",9,0,0,0,5,0,0,0,0,3,0
"Metazoa__NA__NA__NA__NA__NA__NA__Taxon_037",9,0,0,0,0,0,0,0,0,0,0
"Metazoa__NA__NA__NA__NA__NA__NA__Taxon_038",8,0,0,0,0,0,0,0,0,4,0
"Fungi__NA__NA__NA__NA__NA__NA__Taxon_039",7,0,0,0,0,0,0,0,0,0,0
"Metazoa__Arthropoda__NA__NA__NA__NA__NA__Taxon_040",7,0,0,0,0,0,0,0,0,0,0
"Metazoa__NA__NA__NA__NA__NA__NA__Taxon_041",6,0,0,0,0,0,0,0,0,0,0
"Metazoa__NA__NA__NA__NA__NA__NA__Taxon_042",6,3,0,0,0,0,0,0,0,0,0
"Metazoa__NA__NA__NA__NA__NA__NA__Taxon_043",6,0,0,0,0,0,0,0,0,0,0
"Metazoa__NA__NA__NA__NA__NA__NA__Taxon_044",6,0,0,0,0,0,0,0,0,0,0
"Metazoa__NA__NA__NA__NA__NA__NA__Taxon_045",6,0,0,0,0,0,0,0,0,0,0
"Metazoa__NA__NA__NA__NA__NA__NA__Taxon_046",5,0,0,0,0,0,0,0,0,0,0
"Metazoa__NA__NA__NA__NA__NA__NA__Taxon_047",5,0,0,0,0,0,0,0,0,0,0
"Metazoa__Annelida__Clitellata__Haplotaxida__Lumbricidae__Eiseniella__Eiseniella tetraedra__Taxon_048",5,0,0,0,0,0,0,0,0,0,0
"Metazoa__NA__NA__NA__NA__NA__NA__Taxon_049",3,0,0,0,0,0,0,0,0,2,0
"Metazoa__NA__NA__NA__NA__NA__NA__Taxon_050",4,0,3,0,0,0,0,0,0,0,0
"Metazoa__Arthropoda__Insecta__Trichoptera__Limnephilidae__NA__NA__Taxon_051",3,0,0,0,0,0,0,0,0,0,0
"Metazoa__Arthropoda__Insecta__Trichoptera__NA__NA__NA__Taxon_052",3,0,0,0,0,0,0,0,0,0,0
"Metazoa__Arthropoda__NA__NA__NA__NA__NA__Taxon_053",3,0,0,0,0,0,0,0,0,0,0
"Metazoa__NA__NA__NA__NA__NA__NA__Taxon_054",3,0,0,0,0,0,0,0,0,0,0
"Metazoa__NA__NA__NA__NA__NA__NA__Taxon_055",2,0,0,0,0,0,0,0,0,0,0
"Metazoa__Rotifera__Bdelloidea__NA__NA__NA__NA__Taxon_056",2,0,0,0,0,0,0,0,0,0,0
"Metazoa__Cnidaria__NA__NA__NA__NA__NA__Taxon_057",2,0,0,0,0,0,0,0,0,0,0
"Metazoa__NA__NA__NA__NA__NA__NA__Taxon_058",2,0,0,0,0,0,0,0,0,0,0
"Metazoa__Nematoda__NA__NA__NA__NA__NA__Taxon_059",2,0,0,0,0,0,0,0,0,0,0
"Metazoa__NA__NA__NA__NA__NA__NA__Taxon_060",2,0,0,0,0,0,0,0,0,0,0
"Metazoa__Platyhelminthes__NA__Tricladida__Planariidae__NA__NA__Taxon_061",0,12,2,0,0,0,127,0,6,365,0
"Metazoa__Rotifera__Bdelloidea__NA__NA__NA__NA__Taxon_062",0,277,0,0,0,0,0,0,0,0,0
"Metazoa__Rotifera__Bdelloidea__NA__NA__NA__NA__Taxon_063",3,266,0,93,0,0,0,0,0,0,0
"Metazoa__Tardigrada__Eutardigrada__Parachela__Hypsibiidae__Diphascon__NA__Taxon_064",0,160,0,0,0,0,0,0,0,0,0
"Metazoa__Annelida__Clitellata__Lumbriculida__Lumbriculidae__Stylodrilus__Stylodrilus heringianus__Taxon_065",0,10,21,0,16,10,14,0,13,43,0
"Metazoa__Rotifera__Bdelloidea__NA__NA__NA__NA__Taxon_066",0,107,0,0,0,0,0,0,0,0,0
"Metazoa__Arthropoda__Insecta__Ephemeroptera__NA__NA__NA__Taxon_067",0,3,34,0,6,8,0,0,0,14,0
"Metazoa__Rotifera__Bdelloidea__NA__NA__NA__NA__Taxon_068",0,62,0,0,0,0,0,0,0,0,0
"Metazoa__Arthropoda__Insecta__NA__NA__NA__NA__Taxon_069",0,57,0,0,0,0,27,0,0,9,0
"Metazoa__NA__NA__NA__NA__NA__NA__Taxon_070",0,55,0,0,0,0,0,0,0,0,0
"Metazoa__Chordata__Amphibia__NA__NA__NA__NA__Taxon_071",0,44,0,0,0,0,7,0,0,0,0
"Metazoa__NA__NA__NA__NA__NA__NA__Taxon_072",0,5,16,0,14,5,4,0,0,0,0
"Metazoa__Nematoda__Chromadorea__Rhabditida__Aphelenchoididae__NA__NA__Taxon_073",0,40,0,0,0,0,0,0,0,0,0
"Metazoa__Arthropoda__NA__NA__NA__NA__NA__Taxon_074",0,35,11,0,0,0,0,0,0,13,0
"Metazoa__NA__NA__NA__NA__NA__NA__Taxon_075",0,31,0,0,14,0,0,0,0,0,0
"Metazoa__NA__NA__NA__NA__NA__NA__Taxon_076",0,9,0,0,0,0,22,0,0,0,0
"Metazoa__NA__NA__NA__NA__NA__NA__Taxon_077",0,15,0,0,8,6,0,0,0,0,0
"Metazoa__Arthropoda__Insecta__Trichoptera__Limnephilidae__Onocosmoecus__Onocosmoecus unicolor__Taxon_078",0,28,0,0,0,0,0,0,0,0,0
"Metazoa__NA__NA__NA__NA__NA__NA__Taxon_079",0,15,0,0,0,0,0,0,0,12,0
"Metazoa__Platyhelminthes__NA__NA__NA__NA__NA__Taxon_080",0,25,0,0,0,0,0,0,0,0,0
"Metazoa__Arthropoda__Insecta__Plecoptera__Leuctridae__NA__NA__Taxon_081",0,25,0,0,0,0,0,0,0,0,0
"Metazoa__NA__NA__NA__NA__NA__NA__Taxon_082",4,23,17,0,0,8,16,0,0,9,0
"Metazoa__NA__NA__NA__NA__NA__NA__Taxon_083",0,16,7,0,12,9,0,0,0,0,0
"Metazoa__NA__NA__NA__NA__NA__NA__Taxon_084",0,19,0,0,0,0,0,0,0,0,0
"Metazoa__NA__NA__NA__NA__NA__NA__Taxon_085",6,9,10,0,0,0,4,0,0,4,0
"Metazoa__NA__NA__NA__NA__NA__NA__Taxon_086",0,25,11,0,0,0,0,0,0,0,0
"Metazoa__Nematoda__Chromadorea__NA__NA__NA__NA__Taxon_087",0,18,0,0,0,0,0,0,0,0,0
"Metazoa__Rotifera__Bdelloidea__NA__NA__Rotaria__NA__Taxon_088",0,18,0,0,0,0,0,0,0,0,0
"Viridiplantae__NA__NA__NA__NA__NA__NA__Taxon_089",0,8,16,0,0,0,0,0,0,10,0
"Metazoa__NA__NA__NA__NA__NA__NA__Taxon_090",0,16,0,0,0,0,0,0,0,6,0
"Metazoa__NA__NA__NA__NA__NA__NA__Taxon_091",0,16,0,0,0,0,0,0,0,0,0
"Metazoa__NA__NA__NA__NA__NA__NA__Taxon_092",0,14,0,0,0,0,0,0,0,0,0
"Metazoa__NA__NA__NA__NA__NA__NA__Taxon_093",0,12,0,0,0,0,0,0,0,0,0
"Metazoa__Annelida__Clitellata__Haplotaxida__NA__NA__NA__Taxon_094",0,12,5,0,0,0,0,0,0,11,0
"Metazoa__NA__NA__NA__NA__NA__NA__Taxon_095",0,12,0,0,0,0,0,0,0,0,0
"Metazoa__NA__NA__NA__NA__NA__NA__Taxon_096",0,12,0,10,0,0,0,0,0,0,0
"Metazoa__NA__NA__NA__NA__NA__NA__Taxon_097",0,11,0,0,0,0,0,0,0,0,0
"Fungi__NA__NA__NA__NA__NA__NA__Taxon_098",0,10,0,0,0,0,0,0,0,0,0
"Metazoa__Arthropoda__Insecta__Trichoptera__Hydropsychidae__NA__NA__Taxon_099",0,10,0,0,0,0,0,0,0,0,0
"Metazoa__Arthropoda__NA__NA__NA__NA__NA__Taxon_100",0,10,0,0,0,0,0,0,0,0,0
"Metazoa__NA__NA__NA__NA__NA__NA__Taxon_101",0,6,0,0,0,0,0,0,0,4,0
"Fungi__NA__NA__NA__NA__NA__NA__Taxon_102",0,12,0,0,0,0,0,0,0,9,0
"Metazoa__NA__NA__NA__NA__NA__NA__Taxon_103",0,9,0,0,0,0,2,0,0,0,0
"Metazoa__Arthropoda__Collembola__NA__NA__NA__NA__Taxon_104",0,6,0,3,0,0,0,0,0,0,0
"Metazoa__Annelida__Clitellata__Haplotaxida__Lumbricidae__Lumbricus__NA__Taxon_105",0,8,0,0,0,0,0,0,0,0,0
"Metazoa__NA__NA__NA__NA__NA__NA__Taxon_106",0,8,0,0,0,5,0,0,0,0,0
"Metazoa__Mollusca__Gastropoda__NA__NA__NA__NA__Taxon_107",0,8,0,0,0,0,0,0,0,0,0
"Metazoa__Chordata__Aves__Passeriformes__Turdidae__Ixoreus__Ixoreus naevius__Taxon_108",0,8,0,0,0,0,0,0,0,0,0
"Metazoa__NA__NA__NA__NA__NA__NA__Taxon_109",0,8,0,0,0,0,0,0,0,0,0
"Metazoa__NA__NA__NA__NA__NA__NA__Taxon_110",0,8,0,0,0,0,0,0,0,0,0
"Metazoa__Arthropoda__Insecta__Diptera__Chironomidae__NA__NA__Taxon_111",0,8,0,0,0,3,0,0,0,0,0
"Metazoa__NA__NA__NA__NA__NA__NA__Taxon_112",0,6,0,0,0,0,0,0,0,0,0
"Metazoa__NA__NA__NA__NA__NA__NA__Taxon_113",0,6,0,0,0,0,0,0,0,0,0
"Metazoa__NA__NA__NA__NA__NA__NA__Taxon_114",0,6,0,0,0,0,0,0,0,0,0
"Metazoa__Chordata__Mammalia__Primates__Hominidae__Homo__Homo sapiens__Taxon_115",0,6,0,0,0,0,0,0,0,0,0
"Metazoa__NA__NA__NA__NA__NA__NA__Taxon_116",0,6,0,0,0,0,0,0,0,0,0
"Metazoa__NA__NA__NA__NA__NA__NA__Taxon_117",0,6,0,0,0,0,0,0,0,0,0
"Metazoa__NA__NA__NA__NA__NA__NA__Taxon_118",0,6,0,0,0,0,0,0,0,0,0
"Metazoa__Arthropoda__NA__NA__NA__NA__NA__Taxon_119",0,5,0,0,0,0,0,0,0,0,0
"Metazoa__NA__NA__NA__NA__NA__NA__Taxon_120",0,5,0,0,0,0,0,0,0,0,0
"Metazoa__Arthropoda__Insecta__NA__NA__NA__NA__Taxon_121",0,5,0,0,0,0,0,0,0,0,0
"Metazoa__NA__NA__NA__NA__NA__NA__Taxon_122",0,5,0,0,0,0,0,0,0,0,0
"Metazoa__Arthropoda__Insecta__Coleoptera__Ptilodactylidae__Araeopidius__Araeopidius monachus__Taxon_123",0,5,0,0,0,0,0,0,0,0,0
"Metazoa__NA__NA__NA__NA__NA__NA__Taxon_124",0,5,0,0,0,0,0,0,0,0,0
"Metazoa__Cnidaria__NA__NA__NA__NA__NA__Taxon_125",0,4,0,0,0,0,0,0,0,0,0
"Metazoa__NA__NA__NA__NA__NA__NA__Taxon_126",0,4,0,0,0,0,0,0,0,0,0
"Metazoa__NA__NA__NA__NA__NA__NA__Taxon_127",0,4,0,0,0,0,0,0,0,0,0
"Metazoa__NA__NA__NA__NA__NA__NA__Taxon_128",0,4,0,0,0,3,0,0,0,0,0
"Metazoa__Rotifera__Bdelloidea__NA__NA__NA__NA__Taxon_129",0,4,0,0,0,0,0,0,0,0,0
"Metazoa__NA__NA__NA__NA__NA__NA__Taxon_130",0,4,0,0,0,0,0,0,0,0,0
"Viridiplantae__Chlorophyta__Chlorophyceae__Chlamydomonadales__NA__NA__NA__Taxon_131",0,4,0,0,0,0,0,0,0,0,0
"Metazoa__Annelida__Clitellata__NA__NA__NA__NA__Taxon_132",0,4,0,0,0,0,0,0,0,0,0
"Metazoa__NA__NA__NA__NA__NA__NA__Taxon_133",0,5,0,0,0,0,0,0,0,0,0
"Metazoa__NA__NA__NA__NA__NA__NA__Taxon_134",0,3,0,0,0,0,0,0,0,0,0
"Metazoa__NA__NA__NA__NA__NA__NA__Taxon_135",0,3,0,0,0,0,0,0,0,0,0
"Metazoa__Rotifera__Monogononta__Ploima__NA__NA__NA__Taxon_136",0,3,0,0,0,0,0,0,0,0,0
"Metazoa__NA__NA__NA__NA__NA__NA__Taxon_137",0,3,0,0,0,0,0,0,0,0,0
"Metazoa__NA__NA__NA__NA__NA__NA__Taxon_138",0,3,0,0,0,0,0,0,0,0,0
"Metazoa__NA__NA__NA__NA__NA__NA__Taxon_139",0,3,0,0,0,0,0,0,0,0,0
"Metazoa__NA__NA__NA__NA__NA__NA__Taxon_140",0,3,0,0,0,0,0,0,0,0,0
"Metazoa__NA__NA__NA__NA__NA__NA__Taxon_141",0,3,0,0,0,0,0,0,0,0,0
"Metazoa__NA__NA__NA__NA__NA__NA__Taxon_142",0,2,0,0,0,0,0,0,0,0,0
"Metazoa__NA__NA__NA__NA__NA__NA__Taxon_143",0,2,2,0,0,0,0,0,0,0,0
"Metazoa__Arthropoda__NA__NA__NA__NA__NA__Taxon_144",0,2,0,0,0,0,0,0,0,0,0
"Metazoa__NA__NA__NA__NA__NA__NA__Taxon_145",0,2,0,0,0,0,0,0,0,0,0
"Metazoa__Arthropoda__Insecta__Hemiptera__Pentatomidae__Banasa__Banasa dimiata__Taxon_146",0,2,0,0,0,0,0,0,0,0,0
"Metazoa__Annelida__Clitellata__Haplotaxida__Lumbricidae__Dendrobaena__Dendrobaena octaedra__Taxon_147",0,2,0,0,0,0,0,0,0,0,0
"Metazoa__Chordata__NA__NA__NA__NA__NA__Taxon_148",0,0,17,0,22,12,1347,5,33,0,0
"Metazoa__Rotifera__Bdelloidea__NA__NA__NA__NA__Taxon_149",0,0,165,0,0,0,0,0,0,0,0
"Viridiplantae__Chlorophyta__Chlorophyceae__Chlamydomonadales__NA__NA__NA__Taxon_150",0,0,227,0,0,0,0,0,0,0,0
"Metazoa__NA__NA__NA__NA__NA__NA__Taxon_151",0,0,151,0,0,0,0,0,0,0,0
"Viridiplantae__Chlorophyta__Chlorophyceae__Chlamydomonadales__NA__NA__NA__Taxon_152",0,45,98,0,57,66,0,0,0,0,0
"Metazoa__NA__NA__NA__NA__NA__NA__Taxon_153",0,0,4,0,0,11,31,0,7,18,0
"Fungi__NA__NA__NA__NA__NA__NA__Taxon_154",0,0,8,0,47,15,0,0,0,0,0
"Metazoa__Rotifera__Bdelloidea__NA__NA__NA__NA__Taxon_155",0,0,49,0,0,0,0,0,0,0,0
"Metazoa__NA__NA__NA__NA__NA__NA__Taxon_156",0,0,6,0,19,27,7,0,0,0,0
"Metazoa__NA__NA__NA__NA__NA__NA__Taxon_157",0,0,43,0,0,0,0,0,0,0,0
"Metazoa__NA__NA__NA__NA__NA__NA__Taxon_158",0,0,37,0,0,0,0,7,0,0,0
"Metazoa__Arthropoda__Insecta__Diptera__Simuliidae__NA__NA__Taxon_159",0,0,18,0,0,19,0,0,0,0,0
"Metazoa__NA__NA__NA__NA__NA__NA__Taxon_160",0,0,31,0,0,0,3,0,0,12,0
"Metazoa__Annelida__Clitellata__Haplotaxida__Lumbricidae__Dendrodrilus__Dendrodrilus rubidus__Taxon_161",0,0,9,0,0,0,21,0,0,0,0
"Metazoa__Annelida__Clitellata__NA__NA__NA__NA__Taxon_162",0,6,10,2,0,13,19,0,0,0,0
"Metazoa__NA__NA__NA__NA__NA__NA__Taxon_163",0,0,27,0,0,0,0,0,0,0,0
"Viridiplantae__Chlorophyta__Chlorophyceae__Chlamydomonadales__NA__NA__NA__Taxon_164",0,0,10,0,8,9,8,0,0,0,0
"Metazoa__Annelida__Clitellata__Haplotaxida__Lumbricidae__Aporrectodea__Aporrectodea caliginosa L3__Taxon_165",0,0,10,0,0,14,0,0,0,0,0
"Metazoa__Rotifera__Monogononta__Ploima__Synchaetidae__Synchaeta__NA__Taxon_166",0,0,17,0,0,0,0,0,0,0,0
"Metazoa__NA__NA__NA__NA__NA__NA__Taxon_167",0,0,17,0,0,0,0,0,0,0,0
"Metazoa__NA__NA__NA__NA__NA__NA__Taxon_168",0,0,12,0,0,0,0,0,0,0,0
"Metazoa__Annelida__Clitellata__Haplotaxida__NA__NA__NA__Taxon_169",0,0,11,0,0,0,0,0,0,0,0
"Metazoa__NA__NA__NA__NA__NA__NA__Taxon_170",0,0,11,0,0,0,7,0,0,4,0
"Metazoa__Arthropoda__Collembola__NA__NA__NA__NA__Taxon_171",0,0,11,0,0,0,0,0,0,0,0
"Metazoa__Arthropoda__NA__NA__NA__NA__NA__Taxon_172",0,0,10,0,0,0,0,0,0,0,0
"Metazoa__NA__NA__NA__NA__NA__NA__Taxon_173",0,0,10,0,0,0,0,0,0,0,0
"Metazoa__Arthropoda__Insecta__Diptera__Simuliidae__NA__NA__Taxon_174",0,0,10,0,0,0,0,0,0,0,0
"Metazoa__NA__NA__NA__NA__NA__NA__Taxon_175",0,0,9,0,0,0,0,0,0,0,0
"Metazoa__NA__NA__NA__NA__NA__NA__Taxon_176",0,0,9,0,0,0,0,0,0,0,0
"Metazoa__NA__NA__NA__NA__NA__NA__Taxon_177",0,0,9,0,0,0,0,0,0,0,0
"Metazoa__Arthropoda__NA__NA__NA__NA__NA__Taxon_178",0,5,12,0,0,0,5,0,0,0,0
"Metazoa__Annelida__Clitellata__Haplotaxida__NA__NA__NA__Taxon_179",0,0,8,0,0,0,0,0,0,0,0
"Metazoa__NA__NA__NA__NA__NA__NA__Taxon_180",0,0,7,0,0,0,0,0,0,0,0
"Viridiplantae__Chlorophyta__Chlorophyceae__Chlamydomonadales__NA__NA__NA__Taxon_181",0,0,7,0,0,0,0,0,0,0,0
"Metazoa__Arthropoda__Insecta__Diptera__Simuliidae__NA__NA__Taxon_182",0,0,7,0,0,0,0,0,0,0,0
"Metazoa__Arthropoda__Insecta__NA__NA__NA__NA__Taxon_183",0,0,6,0,4,2,0,0,0,0,0
"Metazoa__NA__NA__NA__NA__NA__NA__Taxon_184",0,0,6,0,0,0,0,0,0,0,0
"Fungi__NA__NA__NA__NA__NA__NA__Taxon_185",0,0,5,0,0,0,0,0,0,0,0
"Metazoa__NA__NA__NA__NA__NA__NA__Taxon_186",0,0,5,0,0,0,0,0,0,0,0
"Metazoa__NA__NA__NA__NA__NA__NA__Taxon_187",0,0,5,0,0,0,0,0,0,0,0
"Metazoa__NA__NA__NA__NA__NA__NA__Taxon_188",0,0,5,0,0,0,0,0,0,0,0
"Metazoa__NA__NA__NA__NA__NA__NA__Taxon_189",0,0,4,0,0,0,0,0,0,0,0
"Metazoa__Mollusca__NA__NA__NA__NA__NA__Taxon_190",0,0,4,0,0,0,0,0,0,0,0
"Metazoa__Chordata__Mammalia__Rodentia__Sciuridae__Sciurus__NA__Taxon_191",0,0,4,0,0,0,0,0,0,0,0
"Fungi__NA__NA__NA__NA__NA__NA__Taxon_192",0,0,4,0,0,0,0,0,0,0,0
"Metazoa__NA__NA__NA__NA__NA__NA__Taxon_193",0,0,4,0,0,0,0,0,0,0,0
"Metazoa__Arthropoda__NA__NA__NA__NA__NA__Taxon_194",0,0,4,0,0,0,0,0,0,0,0
"Metazoa__NA__NA__NA__NA__NA__NA__Taxon_195",0,0,3,0,0,0,0,0,0,0,0
"Metazoa__NA__NA__NA__NA__NA__NA__Taxon_196",0,0,3,0,0,0,0,0,0,0,0
"Metazoa__NA__NA__NA__NA__NA__NA__Taxon_197",0,0,3,0,0,0,0,0,0,0,0
"Viridiplantae__Chlorophyta__Chlorophyceae__Chlamydomonadales__NA__NA__NA__Taxon_198",0,0,3,0,0,0,0,0,0,0,0
"Metazoa__NA__NA__NA__NA__NA__NA__Taxon_199",0,0,3,0,0,0,0,0,0,0,0
"Metazoa__NA__NA__NA__NA__NA__NA__Taxon_200",0,0,3,0,0,0,0,0,0,0,0
"Metazoa__Arthropoda__Insecta__Ephemeroptera__Ephemerellidae__NA__NA__Taxon_201",0,0,3,0,0,0,0,0,0,0,0
"Metazoa__Arthropoda__Insecta__Diptera__NA__NA__NA__Taxon_202",0,0,3,0,0,0,0,0,0,0,0
"Metazoa__Arthropoda__Insecta__NA__NA__NA__NA__Taxon_203",0,0,3,0,0,0,0,0,0,0,0
"Viridiplantae__Chlorophyta__Chlorophyceae__Chlamydomonadales__NA__NA__NA__Taxon_204",0,0,2,0,0,0,0,0,0,0,0
"Metazoa__NA__NA__NA__NA__NA__NA__Taxon_205",0,0,2,0,0,0,0,0,0,0,0
"Metazoa__NA__NA__NA__NA__NA__NA__Taxon_206",0,0,2,0,0,0,0,0,0,0,0
"Metazoa__Arthropoda__Collembola__Poduromorpha__Hypogastruridae__Ceratophysella__Ceratophysella denticulata__Taxon_207",0,0,2,0,0,0,0,0,0,0,0
"Viridiplantae__Chlorophyta__Chlorophyceae__Chlamydomonadales__NA__NA__NA__Taxon_208",0,0,2,0,0,0,0,0,0,0,0
"Fungi__Ascomycota__Saccharomycetes__Saccharomycetales__Saccharomycetaceae__NA__NA__Taxon_209",0,0,2,0,0,0,0,0,0,0,0
"Metazoa__NA__NA__NA__NA__NA__NA__Taxon_210",0,0,2,0,0,0,0,0,0,0,0
"Metazoa__NA__NA__NA__NA__NA__NA__Taxon_211",0,0,2,0,0,0,0,0,0,0,0
"Metazoa__Annelida__Clitellata__Haplotaxida__NA__NA__NA__Taxon_212",0,0,2,0,0,0,0,0,0,0,0
"Metazoa__NA__NA__NA__NA__NA__NA__Taxon_213",0,0,2,0,0,0,0,0,0,0,0
"Metazoa__NA__NA__NA__NA__NA__NA__Taxon_214",0,0,2,0,0,0,0,0,0,0,0
"Metazoa__Cnidaria__Hydrozoa__Anthoathecata__Hydridae__Hydra__Hydra oligactis__Taxon_215",0,0,0,448,569,267,0,168,107,470,0
"Metazoa__Arthropoda__Insecta__Diptera__Simuliidae__NA__NA__Taxon_216",0,0,0,131,40,33,0,0,0,0,0
"Metazoa__NA__NA__NA__NA__NA__NA__Taxon_217",0,0,0,59,0,0,0,0,0,0,0
"Metazoa__NA__NA__NA__NA__NA__NA__Taxon_218",0,0,0,55,3,0,0,0,0,0,0
"Metazoa__NA__NA__NA__NA__NA__NA__Taxon_219",0,0,0,28,0,0,0,0,0,0,0
"Metazoa__Rotifera__Monogononta__Ploima__Synchaetidae__Synchaeta__NA__Taxon_220",0,0,0,51,0,0,0,0,0,0,0
"Metazoa__NA__NA__NA__NA__NA__NA__Taxon_221",0,0,0,2,0,9,0,15,0,6,0
"Metazoa__NA__NA__NA__NA__NA__NA__Taxon_222",0,0,0,7,0,3,18,0,0,0,0
"Metazoa__NA__NA__NA__NA__NA__NA__Taxon_223",0,0,0,19,0,0,8,0,0,7,0
"Metazoa__Rotifera__Monogononta__Ploima__NA__NA__NA__Taxon_224",0,0,0,13,0,0,0,0,0,0,0
"Metazoa__Cnidaria__Hydrozoa__Anthoathecata__Hydridae__Hydra__NA__Taxon_225",0,0,0,9,0,0,0,0,0,0,0
"Metazoa__NA__NA__NA__NA__NA__NA__Taxon_226",0,0,0,6,0,0,0,0,0,0,0
"Metazoa__Nematoda__Chromadorea__Rhabditida__Aphelenchoididae__NA__NA__Taxon_227",0,0,0,3,0,0,0,0,0,0,0
"Metazoa__Rotifera__Bdelloidea__NA__NA__NA__NA__Taxon_228",0,0,0,3,0,0,0,0,0,0,0
"Metazoa__Annelida__Clitellata__Haplotaxida__NA__NA__NA__Taxon_229",0,0,0,2,0,0,0,0,0,0,0
"Metazoa__Annelida__Clitellata__Haplotaxida__NA__NA__NA__Taxon_230",0,0,0,2,0,0,0,0,0,0,0
"Metazoa__NA__NA__NA__NA__NA__NA__Taxon_231",2,5,0,0,281,5,20,26,0,0,0
"Metazoa__Rotifera__Monogononta__Ploima__NA__NA__NA__Taxon_232",0,0,0,0,4,0,0,0,330,0,0
"Metazoa__Cnidaria__Hydrozoa__Anthoathecata__Hydridae__Hydra__Hydra vulgaris__Taxon_233",0,0,0,5,27,21,40,0,22,38,0
"Metazoa__Nematoda__Chromadorea__Rhabditida__Aphelenchoididae__NA__NA__Taxon_234",0,0,0,0,22,13,0,0,24,45,0
"Viridiplantae__Chlorophyta__Chlorophyceae__Chlamydomonadales__NA__NA__NA__Taxon_235",0,0,4,0,28,44,18,0,0,0,0
"Metazoa__NA__NA__NA__NA__NA__NA__Taxon_236",0,0,0,9,33,18,0,0,0,0,0
"Metazoa__Rotifera__Monogononta__Ploima__NA__NA__NA__Taxon_237",0,0,0,0,50,49,0,0,0,0,0
"Metazoa__Rotifera__Monogononta__Ploima__Brachionidae__Keratella__NA__Taxon_238",0,0,0,0,47,0,0,0,0,0,0
"Metazoa__Rotifera__Bdelloidea__NA__NA__NA__NA__Taxon_239",0,0,0,0,43,0,0,0,0,0,0
"Viridiplantae__Chlorophyta__Chlorophyceae__Chlamydomonadales__NA__NA__NA__Taxon_240",0,9,17,0,24,45,0,0,0,0,0
"Metazoa__NA__NA__NA__NA__NA__NA__Taxon_241",0,0,0,0,8,17,0,0,0,5,0
"Metazoa__Annelida__Clitellata__Haplotaxida__Lumbricidae__Aporrectodea__NA__Taxon_242",0,0,0,0,18,0,0,0,0,10,0
"Metazoa__Arthropoda__Insecta__Trichoptera__Hydropsychidae__Parapsyche__Parapsyche almota__Taxon_243",0,0,0,0,10,14,0,0,0,0,0
"Metazoa__Annelida__Clitellata__Haplotaxida__Naididae__NA__NA__Taxon_244",0,0,4,0,25,0,0,0,0,0,0
"Metazoa__Rotifera__Monogononta__Ploima__Synchaetidae__Polyarthra__Polyarthra dolichoptera__Taxon_245",0,0,0,0,18,0,0,0,0,0,0
"Metazoa__Nematoda__Chromadorea__NA__NA__NA__NA__Taxon_246",0,0,0,0,16,0,0,0,0,0,0
"Viridiplantae__Chlorophyta__Chlorophyceae__Chlamydomonadales__NA__NA__NA__Taxon_247",0,11,0,0,8,6,0,13,0,0,0
"Viridiplantae__Chlorophyta__Chlorophyceae__Chlamydomonadales__NA__NA__NA__Taxon_248",0,0,0,0,11,4,0,0,0,0,0
"Metazoa__NA__NA__NA__NA__NA__NA__Taxon_249",0,0,0,0,12,0,0,0,0,0,0
"Viridiplantae__Chlorophyta__Chlorophyceae__Chlamydomonadales__NA__NA__NA__Taxon_250",0,0,0,0,11,0,0,0,0,0,0
"Metazoa__Annelida__Clitellata__Haplotaxida__Lumbricidae__NA__NA__Taxon_251",0,0,0,0,11,0,0,0,0,0,0
"Viridiplantae__Chlorophyta__Chlorophyceae__Chlamydomonadales__NA__NA__NA__Taxon_252",0,0,0,0,11,0,0,0,0,0,0
"Metazoa__NA__NA__NA__NA__NA__NA__Taxon_253",7,0,2,0,10,0,0,0,0,0,0
"Metazoa__NA__NA__NA__NA__NA__NA__Taxon_254",0,0,4,0,7,3,0,0,0,0,0
"Metazoa__Arthropoda__Insecta__NA__NA__NA__NA__Taxon_255",0,0,0,0,9,0,0,0,0,0,0
"Metazoa__NA__NA__NA__NA__NA__NA__Taxon_256",0,0,0,0,8,0,0,0,0,0,0
"Metazoa__NA__NA__NA__NA__NA__NA__Taxon_257",0,0,0,0,8,0,0,0,0,0,0
"Metazoa__NA__NA__NA__NA__NA__NA__Taxon_258",0,0,0,0,8,0,0,0,0,0,0
"Metazoa__NA__NA__NA__NA__NA__NA__Taxon_259",0,0,0,0,8,0,0,0,0,0,0
"Metazoa__Arthropoda__Insecta__Trichoptera__Limnephilidae__Limnephilus__Limnephilus externus__Taxon_260",0,0,0,0,7,0,0,0,0,0,0
"Metazoa__Arthropoda__Hexanauplia__Calanoida__Diaptomidae__Skistodiaptomus__Skistodiaptomus pallidus__Taxon_261",0,0,0,0,7,0,0,0,0,0,0
"Fungi__NA__NA__NA__NA__NA__NA__Taxon_262",0,0,0,0,7,0,0,0,0,0,0
"Metazoa__Chordata__Amphibia__NA__NA__NA__NA__Taxon_263",0,0,0,0,7,0,0,0,0,0,0
"Metazoa__Nematoda__Chromadorea__NA__NA__NA__NA__Taxon_264",0,0,0,0,7,0,0,0,0,0,0
"Metazoa__NA__NA__NA__NA__NA__NA__Taxon_265",0,0,0,0,4,0,0,3,0,0,0
"Metazoa__Arthropoda__NA__NA__NA__NA__NA__Taxon_266",0,0,0,0,6,0,0,0,0,0,0
"Metazoa__Arthropoda__Insecta__Trichoptera__Hydropsychidae__Ceratopsyche__NA__Taxon_267",0,0,0,0,6,0,0,0,0,0,0
"Metazoa__NA__NA__NA__NA__NA__NA__Taxon_268",0,0,0,0,6,0,0,0,0,0,0
"Metazoa__NA__NA__NA__NA__NA__NA__Taxon_269",0,0,0,0,6,0,0,0,0,0,0
"Metazoa__Rotifera__Monogononta__Ploima__NA__NA__NA__Taxon_270",0,0,0,0,6,0,0,0,0,0,0
"Metazoa__Annelida__Clitellata__Haplotaxida__Naididae__Dero__Dero digitata__Taxon_271",0,0,0,0,4,0,0,2,0,0,0
"Metazoa__Chordata__Amphibia__Anura__NA__NA__NA__Taxon_272",0,0,0,0,5,0,0,0,0,0,0
"Metazoa__NA__NA__NA__NA__NA__NA__Taxon_273",0,0,0,0,5,0,0,0,0,0,0
"Metazoa__Rotifera__Monogononta__Ploima__NA__NA__NA__Taxon_274",0,0,0,0,5,0,0,0,0,0,0
"Metazoa__NA__NA__NA__NA__NA__NA__Taxon_275",0,0,0,0,5,0,0,0,0,0,0
"Metazoa__Arthropoda__Collembola__Entomobryomorpha__Isotomidae__Isotomurus__NA__Taxon_276",0,0,0,0,5,0,0,0,0,0,0
"Metazoa__NA__NA__NA__NA__NA__NA__Taxon_277",0,0,0,0,5,0,0,0,0,0,0
"Metazoa__Arthropoda__Insecta__Hymenoptera__Ichneumonidae__NA__NA__Taxon_278",0,0,0,0,4,0,0,0,0,0,0
"Metazoa__Annelida__Clitellata__Lumbriculida__Lumbriculidae__NA__NA__Taxon_279",0,0,0,0,4,0,0,0,0,0,0
"Metazoa__Chordata__Actinopteri__Cypriniformes__Cyprinidae__NA__NA__Taxon_280",0,0,0,0,4,0,0,0,0,0,0
"Metazoa__Annelida__Clitellata__Haplotaxida__Naididae__NA__NA__Taxon_281",0,0,0,0,3,0,0,0,0,0,0
"Metazoa__Arthropoda__Insecta__NA__NA__NA__NA__Taxon_282",0,0,0,0,3,0,0,0,0,0,0
"Metazoa__Arthropoda__Insecta__Coleoptera__Elateridae__NA__NA__Taxon_283",0,0,0,0,3,0,0,0,0,0,0
"Metazoa__NA__NA__NA__NA__NA__NA__Taxon_284",0,0,0,0,2,0,0,0,0,0,0
"Metazoa__Arthropoda__Insecta__Trichoptera__NA__NA__NA__Taxon_285",0,0,0,0,2,0,0,0,0,0,0
"Metazoa__NA__NA__NA__NA__NA__NA__Taxon_286",0,0,0,0,2,0,0,0,0,0,0
"Metazoa__Arthropoda__Insecta__Lepidoptera__Argyresthiidae__Argyresthia__Argyresthia goedartella__Taxon_287",0,0,0,0,2,0,0,0,0,0,0
"Metazoa__Platyhelminthes__NA__NA__NA__NA__NA__Taxon_288",0,0,0,0,2,0,0,0,0,0,0
"Metazoa__Arthropoda__Insecta__Diptera__Psychodidae__NA__NA__Taxon_289",0,0,0,0,2,0,0,0,0,0,0
"Metazoa__Nematoda__Chromadorea__Rhabditida__Meloidogynidae__Meloidogyne__Meloidogyne naasi__Taxon_290",0,0,0,0,0,170,0,0,0,0,0
"Metazoa__NA__NA__NA__NA__NA__NA__Taxon_291",0,0,0,0,0,168,0,0,0,0,0
"Viridiplantae__Chlorophyta__Chlorophyceae__Chlamydomonadales__NA__NA__NA__Taxon_292",0,0,18,0,35,49,7,353,0,0,0
"Metazoa__NA__NA__NA__NA__NA__NA__Taxon_293",0,0,0,0,0,55,0,0,0,0,0
"Metazoa__Rotifera__Monogononta__Ploima__Brachionidae__Keratella__NA__Taxon_294",0,0,0,0,0,42,0,0,0,0,0
"Metazoa__Rotifera__Monogononta__Ploima__NA__NA__NA__Taxon_295",0,0,0,0,0,22,0,0,0,0,0
"Metazoa__Arthropoda__Insecta__Trichoptera__Glossosomatidae__Glossosoma__Glossosoma penitus__Taxon_296",0,0,0,0,0,2,12,0,0,7,0
"Metazoa__NA__NA__NA__NA__NA__NA__Taxon_297",0,6,8,0,0,18,0,0,0,0,0
"Metazoa__Tardigrada__Eutardigrada__Parachela__NA__NA__NA__Taxon_298",0,0,0,0,0,15,0,0,0,0,0
"Viridiplantae__Chlorophyta__Chlorophyceae__Chlamydomonadales__NA__NA__NA__Taxon_299",0,0,0,0,0,14,0,0,0,0,0
"Metazoa__Rotifera__Monogononta__Ploima__NA__NA__NA__Taxon_300",0,0,0,2,0,20,0,0,0,0,0
"Metazoa__NA__NA__NA__NA__NA__NA__Taxon_301",0,0,0,0,0,13,0,0,0,0,0
"Metazoa__NA__NA__NA__NA__NA__NA__Taxon_302",0,0,0,0,0,12,0,0,0,0,0
"Metazoa__NA__NA__NA__NA__NA__NA__Taxon_303",0,0,0,0,0,12,0,0,0,0,0
"Metazoa__Annelida__Clitellata__Haplotaxida__Naididae__Nais__Nais variabilis__Taxon_304",0,0,0,0,0,6,0,0,0,5,0
"Metazoa__Nematoda__Chromadorea__Rhabditida__NA__NA__NA__Taxon_305",0,0,0,0,0,10,0,0,0,0,0
"Metazoa__Rotifera__Monogononta__Ploima__NA__NA__NA__Taxon_306",0,0,0,0,0,3,0,7,0,0,0
"Metazoa__Rotifera__Monogononta__Ploima__Brachionidae__Keratella__Keratella cochlearis__Taxon_307",0,0,0,0,0,8,0,0,0,0,0
"Metazoa__NA__NA__NA__NA__NA__NA__Taxon_308",0,0,0,0,0,7,0,0,0,0,0
"Metazoa__NA__NA__NA__NA__NA__NA__Taxon_309",0,0,0,0,5,2,0,0,5,0,0
"Viridiplantae__Chlorophyta__Chlorophyceae__Chlamydomonadales__NA__NA__NA__Taxon_310",0,0,4,0,0,8,0,0,0,0,0
"Viridiplantae__Chlorophyta__Chlorophyceae__Chlamydomonadales__NA__NA__NA__Taxon_311",0,0,5,0,0,6,0,0,0,0,0
"Metazoa__Mollusca__Gastropoda__NA__Lymnaeidae__NA__NA__Taxon_312",0,0,0,0,0,5,0,0,0,0,0
"Metazoa__NA__NA__NA__NA__NA__NA__Taxon_313",0,0,0,0,0,5,0,0,0,0,0
"Metazoa__NA__NA__NA__NA__NA__NA__Taxon_314",0,0,0,0,0,5,0,0,0,0,0
"Metazoa__NA__NA__NA__NA__NA__NA__Taxon_315",0,0,0,0,0,4,0,0,0,0,0
"Metazoa__NA__NA__NA__NA__NA__NA__Taxon_316",0,0,0,0,0,4,0,0,0,0,0
"Viridiplantae__Chlorophyta__Chlorophyceae__Chlamydomonadales__NA__NA__NA__Taxon_317",0,0,0,0,0,4,0,0,0,0,0
"Metazoa__Annelida__Clitellata__Haplotaxida__Lumbricidae__Eisenia__Eisenia fetida__Taxon_318",0,0,0,0,0,3,0,0,0,0,0
"Metazoa__Chordata__Actinopteri__Cypriniformes__Cyprinidae__Pimephales__Pimephales promelas__Taxon_319",0,0,0,0,0,3,0,0,0,0,0
"Metazoa__NA__NA__NA__NA__NA__NA__Taxon_320",0,0,0,0,0,3,0,0,0,0,0
"Metazoa__NA__NA__NA__NA__NA__NA__Taxon_321",0,0,0,0,0,3,0,0,0,0,0
"Viridiplantae__Chlorophyta__Chlorophyceae__Chlamydomonadales__NA__NA__NA__Taxon_322",0,0,0,0,0,3,0,0,0,0,0
"Metazoa__Arthropoda__Insecta__NA__NA__NA__NA__Taxon_323",0,0,0,0,0,3,0,0,0,0,0
"Metazoa__Arthropoda__Insecta__NA__NA__NA__NA__Taxon_324",0,0,0,0,0,3,0,0,0,0,0
"Metazoa__NA__NA__NA__NA__NA__NA__Taxon_325",0,0,0,0,0,2,0,0,0,0,0
"Metazoa__NA__NA__NA__NA__NA__NA__Taxon_326",0,0,0,0,0,2,0,0,0,0,0
"Metazoa__NA__NA__NA__NA__NA__NA__Taxon_327",0,0,0,0,0,2,0,0,0,0,0
"Viridiplantae__Chlorophyta__Chlorophyceae__Chlamydomonadales__NA__NA__NA__Taxon_328",0,0,0,0,0,2,0,0,0,0,0
"Metazoa__NA__NA__NA__NA__NA__NA__Taxon_329",0,0,0,0,0,2,0,0,0,0,0
"Metazoa__NA__NA__NA__NA__NA__NA__Taxon_330",0,0,0,0,0,2,0,0,0,0,0
"Metazoa__Arthropoda__Insecta__NA__NA__NA__NA__Taxon_331",0,0,0,0,0,2,0,0,0,0,0
"Metazoa__NA__NA__NA__NA__NA__NA__Taxon_332",0,0,0,0,0,2,0,0,0,0,0
"Metazoa__Arthropoda__Insecta__NA__NA__NA__NA__Taxon_333",0,0,0,0,0,2,0,0,0,0,0
"Metazoa__Annelida__Clitellata__Haplotaxida__Naididae__NA__NA__Taxon_334",0,0,0,0,0,2,0,0,0,0,0
"Metazoa__Chordata__Amphibia__Anura__NA__NA__NA__Taxon_335",0,0,0,0,0,2,0,0,0,0,0
"Metazoa__NA__NA__NA__NA__NA__NA__Taxon_336",0,0,0,0,0,0,4781,0,0,28,0
"Metazoa__Rotifera__Monogononta__Ploima__NA__NA__NA__Taxon_337",0,0,0,0,0,15,917,31,114,22,0
"Metazoa__Arthropoda__Hexanauplia__Cyclopoida__Cyclopidae__NA__NA__Taxon_338",0,0,0,0,0,0,636,0,0,0,0
"Metazoa__Arthropoda__Hexanauplia__NA__NA__NA__NA__Taxon_339",2,16,0,0,0,0,164,0,0,10,0
"Metazoa__Tardigrada__NA__NA__NA__NA__NA__Taxon_340",0,0,0,0,0,0,161,0,0,0,0
"Metazoa__Rotifera__Monogononta__Ploima__NA__NA__NA__Taxon_341",21,34,7,0,16,0,94,41,0,0,0
"Metazoa__Annelida__Clitellata__Haplotaxida__NA__NA__NA__Taxon_342",0,0,0,0,0,0,90,0,0,7,0
"Metazoa__NA__NA__NA__NA__NA__NA__Taxon_343",0,0,0,0,0,7,118,0,0,0,0
"Metazoa__NA__NA__NA__NA__NA__NA__Taxon_344",0,0,0,0,0,0,79,0,0,0,0
"Metazoa__NA__NA__NA__NA__NA__NA__Taxon_345",0,0,0,0,0,0,76,0,0,0,0
"Metazoa__NA__NA__NA__NA__NA__NA__Taxon_346",0,0,0,0,0,0,10,0,25,35,0
"Metazoa__Arthropoda__Insecta__Ephemeroptera__NA__NA__NA__Taxon_347",7,0,38,0,0,5,63,0,28,97,0
"Metazoa__Chordata__NA__NA__NA__NA__NA__Taxon_348",0,0,0,0,0,0,59,0,0,0,0
"Metazoa__NA__NA__NA__NA__NA__NA__Taxon_349",0,0,0,0,0,0,53,0,0,0,0
"Metazoa__Arthropoda__Insecta__NA__NA__NA__NA__Taxon_350",0,0,0,0,0,0,41,0,0,0,0
"Metazoa__NA__NA__NA__NA__NA__NA__Taxon_351",0,4,6,0,0,0,42,0,0,6,0
"Metazoa__Tardigrada__NA__NA__NA__NA__NA__Taxon_352",0,0,0,0,0,0,27,0,0,0,0
"Metazoa__Arthropoda__Insecta__Ephemeroptera__Baetidae__NA__NA__Taxon_353",0,0,0,0,0,0,26,0,0,0,0
"Metazoa__NA__NA__NA__NA__NA__NA__Taxon_354",0,0,0,0,0,0,25,0,0,0,0
"Metazoa__Mollusca__Gastropoda__NA__NA__NA__NA__Taxon_355",0,0,0,0,0,0,21,0,0,0,0
"Metazoa__Arthropoda__NA__NA__NA__NA__NA__Taxon_356",0,0,0,0,0,0,6,0,0,12,0
"Metazoa__Mollusca__Gastropoda__Stylommatophora__Arionidae__Arion__Arion subfuscus__Taxon_357",0,0,0,0,0,0,16,0,0,0,0
"Metazoa__NA__NA__NA__NA__NA__NA__Taxon_358",0,0,0,0,0,0,14,0,0,0,0
"Metazoa__Arthropoda__Insecta__Diptera__Tachinidae__Compsilura__Compsilura concinnata__Taxon_359",0,0,0,0,0,0,13,0,0,0,0
"Metazoa__Mollusca__Bivalvia__Veneroida__Sphaeriidae__NA__NA__Taxon_360",0,0,0,0,0,0,12,0,0,0,0
"Metazoa__Arthropoda__Insecta__Diptera__Chironomidae__NA__NA__Taxon_361",0,0,0,0,0,0,31,0,10,20,0
"Metazoa__NA__NA__NA__NA__NA__NA__Taxon_362",0,0,0,0,0,0,11,0,0,0,0
"Metazoa__NA__NA__NA__NA__NA__NA__Taxon_363",0,0,0,0,0,0,11,0,0,0,0
"Metazoa__NA__NA__NA__NA__NA__NA__Taxon_364",0,0,0,0,0,0,10,0,0,0,0
"Metazoa__Arthropoda__Insecta__Diptera__Chironomidae__NA__NA__Taxon_365",0,0,0,0,0,0,2,0,0,7,0
"Metazoa__Rotifera__Monogononta__Ploima__NA__NA__NA__Taxon_366",0,0,0,0,0,0,8,0,0,0,0
"Metazoa__Arthropoda__Insecta__Diptera__Chironomidae__Chironomus__Chironomus maturus__Taxon_367",0,0,0,0,0,0,7,0,0,0,0
"Metazoa__NA__NA__NA__NA__NA__NA__Taxon_368",0,0,0,0,0,0,7,0,0,0,0
"Metazoa__NA__NA__NA__NA__NA__NA__Taxon_369",0,0,0,0,0,0,7,0,0,0,0
"Viridiplantae__Chlorophyta__Chlorophyceae__Chlamydomonadales__NA__NA__NA__Taxon_370",0,0,0,0,0,0,6,0,0,0,0
"Metazoa__NA__NA__NA__NA__NA__NA__Taxon_371",0,0,0,0,0,0,6,0,0,0,0
"Metazoa__Arthropoda__Insecta__Trichoptera__NA__NA__NA__Taxon_372",0,0,0,0,0,0,6,0,0,0,0
"Metazoa__Arthropoda__Insecta__Trichoptera__Polycentropodidae__Plectrocnemia__Plectrocnemia variegata__Taxon_373",0,0,0,0,0,0,6,0,0,0,0
"Metazoa__Annelida__Clitellata__Haplotaxida__Naididae__NA__NA__Taxon_374",0,0,0,0,0,0,5,0,0,0,0
"Metazoa__NA__NA__NA__NA__NA__NA__Taxon_375",0,0,0,0,0,0,5,0,0,0,0
"Metazoa__Arthropoda__Insecta__Diptera__Chironomidae__NA__NA__Taxon_376",0,0,0,0,0,0,5,0,0,0,0
"Metazoa__NA__NA__NA__NA__NA__NA__Taxon_377",0,0,0,0,0,0,5,0,0,0,0
"Metazoa__NA__NA__NA__NA__NA__NA__Taxon_378",0,0,0,0,0,0,5,0,0,0,0
"Metazoa__NA__NA__NA__NA__NA__NA__Taxon_379",0,0,0,0,0,0,5,0,0,0,0
"Metazoa__Arthropoda__Insecta__NA__NA__NA__NA__Taxon_380",0,0,0,0,0,0,5,0,0,0,0
"Metazoa__NA__NA__NA__NA__NA__NA__Taxon_381",0,0,0,0,0,0,4,0,0,0,0
"Metazoa__NA__NA__NA__NA__NA__NA__Taxon_382",0,0,0,0,0,0,4,0,0,0,0
"Metazoa__NA__NA__NA__NA__NA__NA__Taxon_383",0,0,0,0,0,0,4,0,0,0,0
"Metazoa__Cnidaria__Hydrozoa__Anthoathecata__NA__NA__NA__Taxon_384",0,0,0,0,0,0,4,0,0,0,0
"Metazoa__NA__NA__NA__NA__NA__NA__Taxon_385",3,0,0,0,0,0,4,0,0,0,0
"Metazoa__NA__NA__NA__NA__NA__NA__Taxon_386",0,0,0,0,0,0,4,0,0,0,0
"Metazoa__Annelida__Clitellata__Haplotaxida__NA__NA__NA__Taxon_387",0,0,0,0,0,0,3,0,0,0,0
"Metazoa__Platyhelminthes__NA__NA__NA__NA__NA__Taxon_388",0,0,0,0,0,0,3,0,0,0,0
"Metazoa__Nematoda__Chromadorea__Rhabditida__NA__NA__NA__Taxon_389",0,0,0,0,0,0,3,0,0,0,0
"Metazoa__NA__NA__NA__NA__NA__NA__Taxon_390",0,0,0,0,0,0,3,0,0,0,0
"Metazoa__NA__NA__NA__NA__NA__NA__Taxon_391",0,0,0,0,0,0,3,0,0,0,0
"Metazoa__Nematoda__Chromadorea__Rhabditida__Aphelenchoididae__NA__NA__Taxon_392",0,0,0,0,0,0,3,0,0,0,0
"Metazoa__Arthropoda__Insecta__Ephemeroptera__Baetidae__NA__NA__Taxon_393",0,0,0,0,0,0,3,0,0,0,0
"Metazoa__Chordata__Aves__Passeriformes__Paridae__Poecile__Poecile rufescens__Taxon_394",0,0,0,0,0,0,3,0,0,0,0
"Metazoa__NA__NA__NA__NA__NA__NA__Taxon_395",0,0,0,0,0,0,2,0,0,0,0
"Metazoa__NA__NA__NA__NA__NA__NA__Taxon_396",0,0,0,0,0,0,2,0,0,0,0
"Metazoa__NA__NA__NA__NA__NA__NA__Taxon_397",0,0,0,0,0,0,2,0,0,0,0
"Metazoa__Arthropoda__Insecta__Trichoptera__Limnephilidae__NA__NA__Taxon_398",0,0,0,0,0,0,2,0,0,0,0
"Metazoa__Arthropoda__Insecta__Diptera__NA__NA__NA__Taxon_399",0,0,0,0,0,0,2,0,0,0,0
"Metazoa__NA__NA__NA__NA__NA__NA__Taxon_400",0,0,0,0,0,0,2,0,0,0,0
"Metazoa__Arthropoda__Insecta__Diptera__Chironomidae__NA__NA__Taxon_401",0,0,0,0,0,0,0,5941,0,0,0
"Metazoa__Annelida__Clitellata__Haplotaxida__Naididae__NA__NA__Taxon_402",0,0,0,0,0,0,6,1680,0,0,0
"Metazoa__Annelida__Clitellata__Haplotaxida__Naididae__NA__NA__Taxon_403",0,0,0,0,0,0,0,871,0,0,0
"Metazoa__Rotifera__Monogononta__Ploima__NA__NA__NA__Taxon_404",0,0,0,0,0,0,0,258,0,0,0
"Metazoa__Rotifera__Monogononta__Ploima__NA__NA__NA__Taxon_405",0,0,0,0,0,0,0,255,0,0,0
"Metazoa__Rotifera__Monogononta__Ploima__Lecanidae__Lecane__NA__Taxon_406",0,0,0,0,0,0,0,411,0,0,0
"Metazoa__Arthropoda__Insecta__Diptera__NA__NA__NA__Taxon_407",0,0,0,0,0,0,0,215,0,0,0
"Metazoa__Rotifera__Monogononta__Ploima__NA__NA__NA__Taxon_408",0,10,0,0,10,20,0,208,82,96,0
"Metazoa__Arthropoda__Hexanauplia__Cyclopoida__Cyclopidae__NA__NA__Taxon_409",0,0,0,0,0,0,0,187,0,0,0
"Metazoa__Arthropoda__Insecta__Diptera__Chironomidae__NA__NA__Taxon_410",0,0,0,0,0,0,0,176,11,0,0
"Metazoa__Arthropoda__Insecta__Diptera__Chironomidae__NA__NA__Taxon_411",0,0,0,0,0,0,0,160,0,0,0
"Metazoa__Rotifera__Monogononta__Ploima__NA__NA__NA__Taxon_412",0,0,0,0,0,0,0,22,158,0,0
"Metazoa__Rotifera__Monogononta__Ploima__NA__NA__NA__Taxon_413",0,0,0,0,0,0,0,55,84,39,0
"Metazoa__Annelida__Clitellata__Haplotaxida__Naididae__NA__NA__Taxon_414",0,0,0,0,0,4,0,135,10,0,0
"Metazoa__NA__NA__NA__NA__NA__NA__Taxon_415",0,0,0,5,42,43,0,69,43,0,0
"Metazoa__Rotifera__Monogononta__Ploima__NA__NA__NA__Taxon_416",0,0,0,0,0,0,0,180,15,0,0
"Metazoa__Arthropoda__Hexanauplia__NA__NA__NA__NA__Taxon_417",0,0,0,0,0,0,0,91,0,0,0
"Viridiplantae__Chlorophyta__Chlorophyceae__Chlamydomonadales__NA__NA__NA__Taxon_418",0,0,0,0,0,0,0,88,0,0,0
"Viridiplantae__Streptophyta__NA__NA__NA__NA__NA__Taxon_419",0,0,0,0,0,0,0,86,0,0,0
"Viridiplantae__Chlorophyta__Chlorophyceae__Chlamydomonadales__NA__NA__NA__Taxon_420",0,0,0,0,0,0,0,86,0,0,0
"Metazoa__Annelida__Clitellata__Haplotaxida__Naididae__NA__NA__Taxon_421",0,0,0,0,0,0,0,68,0,0,0
"Viridiplantae__Chlorophyta__Chlorophyceae__Chlamydomonadales__NA__NA__NA__Taxon_422",0,0,0,0,16,28,0,61,0,0,0
"Metazoa__NA__NA__NA__NA__NA__NA__Taxon_423",0,0,0,0,0,0,0,21,36,0,0
"Metazoa__NA__NA__NA__NA__NA__NA__Taxon_424",0,0,0,0,0,0,0,51,0,0,0
"Viridiplantae__Chlorophyta__Chlorophyceae__Chlamydomonadales__NA__NA__NA__Taxon_425",0,0,0,0,0,0,0,39,0,0,0
"Metazoa__Rotifera__Monogononta__Ploima__NA__NA__NA__Taxon_426",0,0,0,0,0,0,0,32,0,0,0
"Viridiplantae__Chlorophyta__Chlorophyceae__Chlamydomonadales__NA__NA__NA__Taxon_427",0,0,0,0,0,0,0,32,0,0,0
"Metazoa__Arthropoda__Hexanauplia__Cyclopoida__Cyclopidae__NA__NA__Taxon_428",0,0,0,0,0,0,0,25,0,0,0
"Metazoa__NA__NA__NA__NA__NA__NA__Taxon_429",0,0,17,0,13,0,0,12,11,0,0
"Metazoa__Annelida__Clitellata__Haplotaxida__Naididae__NA__NA__Taxon_430",0,0,0,0,0,0,0,21,0,0,0
"Viridiplantae__Chlorophyta__Chlorophyceae__Chlamydomonadales__NA__NA__NA__Taxon_431",0,0,0,0,0,0,0,38,0,0,0
"Viridiplantae__Chlorophyta__Chlorophyceae__Chlamydomonadales__NA__NA__NA__Taxon_432",0,0,0,0,6,0,0,18,0,0,0
"Metazoa__Rotifera__Monogononta__Ploima__Brachionidae__Euchlanis__Euchlanis dilatata__Taxon_433",0,0,0,0,0,0,0,17,0,0,0
"Metazoa__Rotifera__Monogononta__Ploima__NA__NA__NA__Taxon_434",0,0,0,0,0,0,0,10,7,0,0
"Metazoa__Nematoda__Chromadorea__NA__NA__NA__NA__Taxon_435",0,0,0,0,0,0,0,16,0,0,0
"Metazoa__Rotifera__Monogononta__Ploima__NA__NA__NA__Taxon_436",0,0,0,0,0,0,0,16,0,0,0
"Viridiplantae__Chlorophyta__Chlorophyceae__Chlamydomonadales__NA__NA__NA__Taxon_437",0,0,0,0,0,0,9,16,0,0,0
"Metazoa__Annelida__Clitellata__Haplotaxida__Naididae__Stylaria__NA__Taxon_438",0,0,0,0,0,0,0,15,0,0,0
"Viridiplantae__Chlorophyta__Chlorophyceae__Chlamydomonadales__NA__NA__NA__Taxon_439",0,0,2,0,0,0,0,14,0,0,0
"Viridiplantae__Chlorophyta__Chlorophyceae__Chlamydomonadales__NA__NA__NA__Taxon_440",0,0,5,0,0,0,0,13,0,0,0
"Metazoa__Rotifera__Monogononta__Ploima__Lecanidae__Lecane__NA__Taxon_441",0,0,0,0,0,0,0,13,0,0,0
"Viridiplantae__Chlorophyta__Chlorophyceae__Chlamydomonadales__NA__NA__NA__Taxon_442",0,0,0,0,0,0,0,10,0,0,0
"Metazoa__Arthropoda__Insecta__NA__NA__NA__NA__Taxon_443",0,0,0,0,0,0,0,9,0,0,0
"Metazoa__Arthropoda__Insecta__Trichoptera__Lepidostomatidae__Lepidostoma__NA__Taxon_444",0,0,0,0,0,0,0,9,0,0,0
"Metazoa__NA__NA__NA__NA__NA__NA__Taxon_445",0,0,0,0,0,0,0,8,0,4,0
"Metazoa__Arthropoda__Insecta__Trichoptera__Limnephilidae__Psychoglypha__Psychoglypha alascensis__Taxon_446",0,0,0,0,0,0,0,2,0,6,0
"Metazoa__Arthropoda__Insecta__Diptera__NA__NA__NA__Taxon_447",0,0,0,0,0,0,0,7,0,0,0
"Metazoa__NA__NA__NA__NA__NA__NA__Taxon_448",0,6,0,0,0,0,0,7,0,0,0
"Metazoa__NA__NA__NA__NA__NA__NA__Taxon_449",0,0,0,0,0,0,0,7,0,0,0
"Metazoa__NA__NA__NA__NA__NA__NA__Taxon_450",0,0,0,0,0,0,0,6,0,0,0
"Viridiplantae__Chlorophyta__Chlorophyceae__Chlamydomonadales__NA__NA__NA__Taxon_451",0,0,5,0,2,0,0,6,0,0,0
"Metazoa__NA__NA__NA__NA__NA__NA__Taxon_452",0,0,0,0,0,0,0,6,0,0,0
"Metazoa__Arthropoda__NA__NA__NA__NA__NA__Taxon_453",0,0,0,0,0,0,0,6,0,0,0
"Metazoa__Arthropoda__Insecta__Trichoptera__Lepidostomatidae__Lepidostoma__Lepidostoma unicolor__Taxon_454",0,0,0,0,0,0,0,5,0,0,0
"Metazoa__Rotifera__Monogononta__Ploima__NA__NA__NA__Taxon_455",0,0,0,0,0,0,0,5,0,0,0
"Metazoa__Annelida__Clitellata__Haplotaxida__Naididae__Chaetogaster__Chaetogaster diaphanus__Taxon_456",0,0,0,0,0,0,0,5,0,0,0
"Metazoa__Arthropoda__Insecta__NA__NA__NA__NA__Taxon_457",0,0,0,0,0,0,0,5,0,0,0
"Viridiplantae__Chlorophyta__Chlorophyceae__Chlamydomonadales__NA__NA__NA__Taxon_458",0,0,0,0,0,0,0,5,0,0,0
"Metazoa__NA__NA__NA__NA__NA__NA__Taxon_459",0,0,0,0,0,0,0,4,0,0,0
"Metazoa__Rotifera__Monogononta__Ploima__NA__NA__NA__Taxon_460",0,0,0,0,0,0,0,4,0,0,0
"Metazoa__Mollusca__Gastropoda__NA__NA__NA__NA__Taxon_461",0,0,0,0,0,0,0,4,0,0,0
"Metazoa__Rotifera__Monogononta__Ploima__NA__NA__NA__Taxon_462",0,0,0,0,0,0,0,3,0,0,0
"Metazoa__Rotifera__Monogononta__Ploima__NA__NA__NA__Taxon_463",0,0,0,0,0,0,0,3,0,0,0
"Metazoa__Rotifera__Monogononta__Ploima__Lecanidae__Lecane__NA__Taxon_464",0,0,0,0,0,0,0,3,0,0,0
"Metazoa__NA__NA__NA__NA__NA__NA__Taxon_465",0,0,0,0,0,0,0,3,0,0,0
"Metazoa__Rotifera__Monogononta__Ploima__Lecanidae__Lecane__NA__Taxon_466",0,0,0,0,0,0,0,2,0,0,0
"Metazoa__Arthropoda__Insecta__Diptera__Chironomidae__NA__NA__Taxon_467",0,0,0,0,0,0,0,0,515,3,0
"Metazoa__NA__NA__NA__NA__NA__NA__Taxon_468",0,0,0,0,0,0,0,0,389,0,0
"Metazoa__NA__NA__NA__NA__NA__NA__Taxon_469",4,21,20,3,23,0,0,0,74,49,0
"Metazoa__Rotifera__Monogononta__Ploima__NA__NA__NA__Taxon_470",0,0,0,0,0,0,0,7,107,0,0
"Metazoa__NA__NA__NA__NA__NA__NA__Taxon_471",0,0,0,0,0,0,0,0,24,61,0
"Metazoa__Nematoda__Chromadorea__NA__NA__NA__NA__Taxon_472",0,0,0,0,0,0,0,0,83,0,0
"Metazoa__Rotifera__Monogononta__Ploima__NA__NA__NA__Taxon_473",0,0,0,0,0,0,0,0,62,22,0
"Metazoa__NA__NA__NA__NA__NA__NA__Taxon_474",0,6,0,0,0,0,0,0,53,0,0
"Metazoa__Arthropoda__Insecta__Ephemeroptera__Baetidae__NA__NA__Taxon_475",0,0,0,0,0,0,0,0,6,44,0
"Metazoa__Rotifera__Bdelloidea__NA__NA__NA__NA__Taxon_476",0,0,0,0,0,0,0,0,42,0,0
"Metazoa__Arthropoda__Insecta__NA__NA__NA__NA__Taxon_477",0,0,0,0,0,0,0,0,40,0,0
"Metazoa__Arthropoda__Insecta__NA__NA__NA__NA__Taxon_478",0,0,0,0,0,0,0,0,38,0,0
"Metazoa__NA__NA__NA__NA__NA__NA__Taxon_479",29,0,0,0,0,0,0,0,33,0,0
"Metazoa__Nematoda__Chromadorea__NA__NA__NA__NA__Taxon_480",0,0,0,0,0,0,0,0,31,0,0
"Metazoa__Rotifera__Monogononta__Ploima__NA__NA__NA__Taxon_481",0,0,0,0,0,0,0,0,6,23,0
"Metazoa__Annelida__Clitellata__Lumbriculida__Lumbriculidae__Lumbriculus__Lumbriculus variegatus__Taxon_482",0,0,0,0,0,0,0,0,11,10,0
"Metazoa__Rotifera__Monogononta__NA__NA__NA__NA__Taxon_483",0,0,0,8,13,9,0,0,16,0,0
"Metazoa__Rotifera__Monogononta__Ploima__NA__NA__NA__Taxon_484",0,0,0,0,0,0,0,0,14,0,0
"Metazoa__Rotifera__Monogononta__Ploima__NA__NA__NA__Taxon_485",0,0,0,0,0,0,0,0,13,0,0
"Metazoa__Arthropoda__Insecta__Trichoptera__Lepidostomatidae__Lepidostoma__NA__Taxon_486",2,0,0,0,0,0,0,0,22,0,0
"Metazoa__NA__NA__NA__NA__NA__NA__Taxon_487",0,0,0,0,0,0,0,0,11,0,0
"Metazoa__Rotifera__Monogononta__Ploima__NA__NA__NA__Taxon_488",0,0,0,0,0,0,0,0,10,0,0
"Metazoa__NA__NA__NA__NA__NA__NA__Taxon_489",0,0,0,0,0,0,0,0,10,5,0
"Metazoa__NA__NA__NA__NA__NA__NA__Taxon_490",0,0,0,0,0,0,0,0,9,0,0
"Metazoa__Rotifera__Bdelloidea__NA__NA__NA__NA__Taxon_491",0,0,0,0,0,0,0,0,8,0,0
"Metazoa__Arthropoda__Insecta__Plecoptera__NA__NA__NA__Taxon_492",0,6,5,0,0,2,0,0,7,0,0
"Metazoa__NA__NA__NA__NA__NA__NA__Taxon_493",3,0,0,0,0,0,0,0,6,0,0
"Metazoa__NA__NA__NA__NA__NA__NA__Taxon_494",0,0,0,0,0,0,0,0,6,0,0
"Metazoa__Nematoda__NA__NA__NA__NA__NA__Taxon_495",0,0,0,0,0,0,0,0,5,0,0
"Metazoa__Arthropoda__NA__NA__NA__NA__NA__Taxon_496",0,0,0,0,0,0,0,0,4,0,0
"Metazoa__NA__NA__NA__NA__NA__NA__Taxon_497",0,0,0,0,0,0,0,0,3,0,0
"Metazoa__Arthropoda__Insecta__Hemiptera__Aphididae__Eucallipterus__Eucallipterus tiliae__Taxon_498",0,0,0,0,0,0,0,0,3,0,0
"Metazoa__Arthropoda__Insecta__NA__NA__NA__NA__Taxon_499",0,0,0,0,0,0,0,0,2,0,0
"Metazoa__NA__NA__NA__NA__NA__NA__Taxon_500",0,0,0,0,0,0,0,0,2,0,0
"Metazoa__NA__NA__NA__NA__NA__NA__Taxon_501",0,0,0,0,0,0,0,0,2,0,0
"Metazoa__NA__NA__NA__NA__NA__NA__Taxon_502",0,0,0,0,0,2,0,16,49,68,0
"Metazoa__Arthropoda__Insecta__NA__NA__NA__NA__Taxon_503",0,0,0,0,0,0,0,0,15,75,0
"Metazoa__Arthropoda__Insecta__Plecoptera__NA__NA__NA__Taxon_504",0,0,0,0,0,0,0,0,0,50,0
"Metazoa__Arthropoda__Insecta__NA__NA__NA__NA__Taxon_505",0,0,0,0,0,0,4,0,4,39,0
"Metazoa__Rotifera__Monogononta__Ploima__NA__NA__NA__Taxon_506",0,0,0,0,0,0,0,8,0,29,0
"Metazoa__Arthropoda__Malacostraca__Decapoda__Astacidae__Pacifastacus__Pacifastacus leniusculus__Taxon_507",0,0,0,0,0,0,0,0,0,26,0
"Metazoa__NA__NA__NA__NA__NA__NA__Taxon_508",0,0,0,0,0,0,5,0,0,22,0
"Metazoa__NA__NA__NA__NA__NA__NA__Taxon_509",0,0,0,0,0,0,0,0,0,21,0
"Metazoa__NA__NA__NA__NA__NA__NA__Taxon_510",0,0,0,0,0,0,0,0,0,18,0
"Metazoa__Arthropoda__NA__NA__NA__NA__NA__Taxon_511",0,0,0,0,0,0,0,0,0,18,0
"Metazoa__Arthropoda__Insecta__NA__NA__NA__NA__Taxon_512",0,0,0,0,0,0,0,0,0,16,0
"Fungi__Basidiomycota__Agaricomycetes__Agaricales__NA__NA__NA__Taxon_513",5,13,0,0,5,8,0,0,0,18,0
"Metazoa__NA__NA__NA__NA__NA__NA__Taxon_514",0,0,0,0,0,0,0,0,0,15,0
"Metazoa__NA__NA__NA__NA__NA__NA__Taxon_515",0,0,0,0,0,0,0,0,0,15,0
"Metazoa__Arthropoda__NA__NA__NA__NA__NA__Taxon_516",0,0,0,0,0,0,0,0,0,14,0
"Metazoa__Arthropoda__Insecta__Coleoptera__Curculionidae__Barypeithes__Barypeithes pellucidus__Taxon_517",0,0,0,0,0,0,0,0,0,11,0
"Metazoa__NA__NA__NA__NA__NA__NA__Taxon_518",0,0,0,0,0,0,0,0,0,11,0
"Metazoa__Annelida__Clitellata__Haplotaxida__Lumbricidae__Octolasion__Octolasion cyaneum__Taxon_519",0,0,0,0,0,0,0,0,0,11,0
"Metazoa__NA__NA__NA__NA__NA__NA__Taxon_520",0,4,0,0,0,0,0,0,0,10,0
"Metazoa__Rotifera__Bdelloidea__NA__NA__NA__NA__Taxon_521",0,0,0,0,0,0,0,0,0,9,0
"Metazoa__Arthropoda__Insecta__Diptera__Simuliidae__NA__NA__Taxon_522",0,0,0,0,0,4,0,0,0,9,0
"Metazoa__Rotifera__Monogononta__Ploima__NA__NA__NA__Taxon_523",0,0,0,0,0,0,0,0,0,8,0
"Metazoa__Annelida__Clitellata__Haplotaxida__Lumbricidae__Allolobophora__Allolobophora chlorotica L2__Taxon_524",0,0,0,0,0,0,0,0,0,8,0
"Metazoa__Chordata__Mammalia__Carnivora__Canidae__Canis__NA__Taxon_525",0,0,0,0,0,0,0,0,0,8,0
"Metazoa__Arthropoda__Insecta__NA__NA__NA__NA__Taxon_526",0,0,5,0,0,0,0,0,0,8,0
"Metazoa__Annelida__Clitellata__Haplotaxida__Naididae__Limnodrilus__Limnodrilus hoffmeisteri__Taxon_527",0,0,0,0,0,0,0,0,0,8,0
"Metazoa__NA__NA__NA__NA__NA__NA__Taxon_528",0,0,0,0,0,0,0,0,0,8,0
"Metazoa__Annelida__Clitellata__Haplotaxida__Naididae__NA__NA__Taxon_529",0,0,0,0,0,0,0,0,0,7,0
"Metazoa__NA__NA__NA__NA__NA__NA__Taxon_530",0,0,0,0,0,0,0,0,0,7,0
"Metazoa__NA__NA__NA__NA__NA__NA__Taxon_531",0,0,0,0,0,0,0,0,0,7,0
"Metazoa__Arthropoda__Insecta__NA__NA__NA__NA__Taxon_532",0,0,0,0,0,0,0,0,0,6,0
"Metazoa__NA__NA__NA__NA__NA__NA__Taxon_533",4,0,0,0,0,0,0,0,0,6,0
"Metazoa__NA__NA__NA__NA__NA__NA__Taxon_534",0,0,0,0,0,0,0,0,0,6,0
"Metazoa__Arthropoda__NA__NA__NA__NA__NA__Taxon_535",0,0,0,0,0,0,0,0,0,6,0
"Metazoa__Arthropoda__Insecta__Plecoptera__NA__NA__NA__Taxon_536",0,0,0,0,0,0,0,0,0,6,0
"Metazoa__NA__NA__NA__NA__NA__NA__Taxon_537",0,4,0,0,0,0,0,0,0,5,0
"Metazoa__Arthropoda__Insecta__Diptera__Chironomidae__NA__NA__Taxon_538",0,0,0,0,0,0,0,0,0,5,0
"Metazoa__Annelida__Clitellata__Haplotaxida__NA__NA__NA__Taxon_539",0,0,0,0,0,0,0,0,0,5,0
"Metazoa__NA__NA__NA__NA__NA__NA__Taxon_540",0,0,0,0,0,0,0,0,0,5,0
"Metazoa__NA__NA__NA__NA__NA__NA__Taxon_541",0,0,0,0,0,0,0,0,0,5,0
"Metazoa__NA__NA__NA__NA__NA__NA__Taxon_542",0,0,0,0,0,0,7,0,0,5,0
"Metazoa__NA__NA__NA__NA__NA__NA__Taxon_543",0,0,0,0,0,0,0,0,0,5,0
"Metazoa__NA__NA__NA__NA__NA__NA__Taxon_544",0,0,0,0,0,0,0,0,0,4,0
"Metazoa__Chordata__Aves__Passeriformes__NA__NA__NA__Taxon_545",0,0,0,0,0,0,0,0,0,4,0
"Metazoa__NA__NA__NA__NA__NA__NA__Taxon_546",0,0,0,0,0,0,0,0,0,4,0
"Metazoa__NA__NA__NA__NA__NA__NA__Taxon_547",0,0,0,0,0,0,0,0,0,4,0
"Metazoa__Annelida__Clitellata__Haplotaxida__Enchytraeidae__Chamaedrilus__NA__Taxon_548",0,0,0,0,0,0,3,0,0,4,0
"Fungi__NA__NA__NA__NA__NA__NA__Taxon_549",0,0,0,0,0,0,0,0,0,4,0
"Metazoa__NA__NA__NA__NA__NA__NA__Taxon_550",0,0,0,0,0,0,0,0,0,3,0
"Metazoa__NA__NA__NA__NA__NA__NA__Taxon_551",0,0,0,0,0,0,0,0,0,3,0
"Metazoa__Arthropoda__Insecta__NA__NA__NA__NA__Taxon_552",0,0,0,0,0,0,0,0,0,3,0
"Metazoa__Arthropoda__Insecta__Hemiptera__Gerridae__Aquarius__Aquarius remigis__Taxon_553",0,0,0,0,0,0,0,0,0,3,0
"Metazoa__NA__NA__NA__NA__NA__NA__Taxon_554",0,0,0,0,0,0,0,0,0,3,0
"Metazoa__Arthropoda__Insecta__NA__NA__NA__NA__Taxon_555",0,0,0,0,0,0,0,0,0,3,0
"Metazoa__Arthropoda__Collembola__Entomobryomorpha__Isotomidae__NA__NA__Taxon_556",0,0,0,0,0,0,0,0,0,3,0
"Metazoa__NA__NA__NA__NA__NA__NA__Taxon_557",0,0,0,0,0,0,0,0,0,3,0
"Metazoa__NA__NA__NA__NA__NA__NA__Taxon_558",0,0,0,0,0,0,0,0,0,3,0
"Metazoa__Annelida__NA__NA__NA__NA__NA__Taxon_559",0,0,0,0,0,0,0,0,0,3,0
"Metazoa__NA__NA__NA__NA__NA__NA__Taxon_560",0,0,0,0,0,0,0,0,0,3,0
"Metazoa__NA__NA__NA__NA__NA__NA__Taxon_561",0,0,0,0,0,0,0,0,0,3,0
"Fungi__Ascomycota__Sordariomycetes__Hypocreales__NA__NA__NA__Taxon_562",0,0,0,0,0,0,0,0,0,3,0
"Metazoa__Arthropoda__Collembola__Poduromorpha__Neanuridae__NA__NA__Taxon_563",0,0,0,0,0,0,0,0,0,2,0
"Metazoa__Arthropoda__Insecta__NA__NA__NA__NA__Taxon_564",0,0,0,0,0,0,0,0,0,2,0
"Metazoa__NA__NA__NA__NA__NA__NA__Taxon_565",0,0,0,0,0,0,0,0,0,2,0
"Metazoa__NA__NA__NA__NA__NA__NA__Taxon_566",0,0,0,0,0,0,0,0,0,2,0
"Metazoa__NA__NA__NA__NA__NA__NA__Taxon_567",0,0,0,0,0,0,0,0,0,2,0
"Metazoa__NA__NA__NA__NA__NA__NA__Taxon_568",0,0,0,0,0,0,0,0,0,2,0
"Metazoa__NA__NA__NA__NA__NA__NA__Taxon_569",0,0,0,0,0,0,0,0,0,2,0
"Metazoa__Chordata__Mammalia__Diprotodontia__Macropodidae__Osphranter__Osphranter rufus__Taxon_570",0,0,0,0,0,0,0,0,0,0,92754
"Metazoa__Chordata__NA__NA__NA__NA__NA__Taxon_571",0,0,0,0,0,0,0,0,0,0,2914
"Metazoa__NA__NA__NA__NA__NA__NA__Taxon_572",0,0,0,0,0,0,0,0,0,0,2453
"Metazoa__Chordata__NA__NA__NA__NA__NA__Taxon_573",0,0,0,0,0,0,0,0,0,0,3625
"Metazoa__Chordata__NA__NA__NA__NA__NA__Taxon_574",0,0,0,0,0,0,0,0,0,0,1295
"Metazoa__Chordata__Mammalia__Diprotodontia__Macropodidae__Macropus__Macropus giganteus__Taxon_575",0,0,0,0,0,0,0,0,0,0,1040
"Metazoa__Chordata__Mammalia__Diprotodontia__Macropodidae__Macropus__Macropus fuliginosus__Taxon_576",0,0,0,0,0,0,0,0,0,0,1024
"Metazoa__Chordata__Mammalia__Diprotodontia__Macropodidae__Osphranter__Osphranter robustus__Taxon_577",0,0,0,0,0,0,0,0,0,0,113
"Metazoa__Chordata__NA__NA__NA__NA__NA__Taxon_578",0,0,0,0,0,0,0,0,0,0,71
