"","representative","taxID","taxon","rank","score","kingdom","phylum","class","order","family","genus","species"
"1","3c41ac759f0e980a008efe5d96ff13e51aad1909",2836,"Bacillariophyta","phylum",0.9972,"","Bacillariophyta","","","","",""
"2","2e46f9be10f6c3fe32646ff7213f9a80843c7e41",9321,"Osphranter rufus","species",NA,"Metazoa","Chordata","Mammalia","Diprotodontia","Macropodidae","Osphranter","Osphranter rufus"
"3","d31458861abd71166b0c84b6fcdd4dff8ea29a40",7148,"Nematocera","suborder",1,"Metazoa","Arthropoda","Insecta","Diptera","","",""
"4","e9ae04a410735949efe3ed7149bb088bf3e57e70",2759,"Eukaryota","superkingdom",0.9914,"","","","","","",""
"5","5f8fce7de810616f7858368b0ff0502a2997b8da",1,"root","no rank",1,"","","","","","",""
"6","8278f17acfb259439877603a23a8314c3af064f6",2759,"Eukaryota","superkingdom",0.9914,"","","","","","",""
"7","f0d09d00944b2ba48b61b4bbecb2e738c3cb8b16",2759,"Eukaryota","superkingdom",1,"","","","","","",""
"8","290d16fbe14c5c0b729585bcec94ae20e2a66f29",2759,"Eukaryota","superkingdom",1,"","","","","","",""
"9","2ec78f4e561eff6f145269b3281cf497f7627dca",2836,"Bacillariophyta","phylum",0.9995,"","Bacillariophyta","","","","",""
"10","f010a3a4207f74263d7a795942748d4ff7a45473",33154,"Opisthokonta","no rank",1,"","","","","","",""
"11","3eefc5e18d830ebe40ddf1bf64cc1413263fd166",2759,"Eukaryota","superkingdom",1,"","","","","","",""
"12","1a4d033040facccab99968e4873776cf5a27decf",33154,"Opisthokonta","no rank",1,"","","","","","",""
"13","59f11a7c5b1f4d776af7f087b691274ec5b698c2",1,"root","no rank",NA,"","","","","","",""
"14","a0e7e9f3046bb8a289699c6c238e768de47bd026",1,"root","no rank",1,"","","","","","",""
"15","0dc472fe714195fd493e2ba67148bd7aecfc7bfb",1,"root","no rank",1,"","","","","","",""
"16","8ced4e264bbb8d3ddb99269a95fa959f870dd15a",1,"root","no rank",NA,"","","","","","",""
"17","5fb2c5b8a1da76223c3c28c406e65c8483d5fc85",33154,"Opisthokonta","no rank",1,"","","","","","",""
"18","632fc231ae48a82b422d56899551151b21c9dfb1",2759,"Eukaryota","superkingdom",0.9914,"","","","","","",""
"19","44e243b439736bfac18b1bf6d92f98eb5c01247c",2759,"Eukaryota","superkingdom",0.9914,"","","","","","",""
"20","8ba7caf9cd4a6f71829b39eaf8efb20da9c1d279",33154,"Opisthokonta","no rank",0.986,"","","","","","",""
"21","665fbb34b0bd88c1cca78151d693208de0393c85",1,"root","no rank",NA,"","","","","","",""
"22","c1c90bc35806b5cd6ad3b6cffaff16b5fc465faa",1,"root","no rank",1,"","","","","","",""
"23","dae90776f80bda22e272442b309639d6629b87bf",1,"root","no rank",1,"","","","","","",""
"24","0b7018f74389933bbafb8bed6d263b8724a5dafb",33154,"Opisthokonta","no rank",0.8164,"","","","","","",""
"25","8fb325a2f46b11c4b933958d5f57d7a417c9c11c",54970,"Chironominae","subfamily",1,"Metazoa","Arthropoda","Insecta","Diptera","Chironomidae","",""
"26","a33c6f99275908c955861b48028333b9a6480c42",1,"root","no rank",1,"","","","","","",""
"27","a18a9f63ac76c82f14d68274c496162d694c673f",4783,"Phytophthora","genus",NA,"","","Oomycetes","Peronosporales","Peronosporaceae","Phytophthora",""
"28","196b34f6220fec67c31750b0c7c2e01c8ae40412",7496,"Pterygota","subclass",0.9987,"Metazoa","Arthropoda","Insecta","","","",""
"29","51b24df83b4a68613b34065c1583207d8fb4ad9b",2759,"Eukaryota","superkingdom",1,"","","","","","",""
"30","d296dbfbbc92cf54c9798309dc4c7acfeebf9cdf",1,"root","no rank",1,"","","","","","",""
"31","7c4dc16d44ed404a1a5b9710ead57ee62a27b279",2759,"Eukaryota","superkingdom",1,"","","","","","",""
"32","cc4d546c59e596a8656d74389072139c4f75ab5c",2759,"Eukaryota","superkingdom",1,"","","","","","",""
"33","e138258b9aa7dfdecee4d9bf5a749b408e80e16e",4762,"Oomycetes","class",1,"","","Oomycetes","","","",""
"34","91c60f49fe7032a50772d28b7e9510dfc0e4f7f4",1,"root","no rank",1,"","","","","","",""
"35","230082a170f5ef20031c4ed9a59bc4335ae252fb",1,"root","no rank",NA,"","","","","","",""
"36","918ed8774668116ff9d3e8c53a6e8edc93796824",2759,"Eukaryota","superkingdom",1,"","","","","","",""
"37","7fcf8ab238c7b5c792191ef8d9113bb83cb93c97",131567,"cellular organisms","no rank",1,"","","","","","",""
"38","bc02f2a31dc3341d916070e2a69ca7f2840c46a6",2759,"Eukaryota","superkingdom",1,"","","","","","",""
"39","f031edb12c875c3e92822504fe863f617d15e42d",1,"root","no rank",1,"","","","","","",""
"40","b4a254d6544f4bb2a1dd4f143fc4e4b213a18917",2759,"Eukaryota","superkingdom",1,"","","","","","",""
"41","0545f884e12067589c186eaf53bc4a8de4ac64d0",2836,"Bacillariophyta","phylum",0.9972,"","Bacillariophyta","","","","",""
"42","fa44dd30c2e11c0ffc58c3c32d9872c06dcf8354",33317,"Protostomia","no rank",1,"Metazoa","","","","","",""
"43","805d9fe37f4531a91d18a1c122cd7af7f9e41182",2759,"Eukaryota","superkingdom",0.9999,"","","","","","",""
"44","8ed52d9ad4e39f2a623f95541f35d31b84f27438",2759,"Eukaryota","superkingdom",0.9999,"","","","","","",""
"45","b0b0cb086a8fbeb61d09f2a3dcbbdcc280807eeb",1,"root","no rank",1,"","","","","","",""
"46","3324b2782422ef70c5edd2da4275ab7fcc9772dc",33317,"Protostomia","no rank",1,"Metazoa","","","","","",""
"47","92f43648620926aeed5a53b1d1a8bd126e2ce89b",9307,"Macropodidae","family",1,"Metazoa","Chordata","Mammalia","Diprotodontia","Macropodidae","",""
"48","f29b7aa6f87d16401df576261ed7cd7e44559017",53983,"Phytophthora cambivora","species",NA,"","","Oomycetes","Peronosporales","Peronosporaceae","Phytophthora","Phytophthora cambivora"
"49","e7f0b0eb33e7dd62287b932e3ae5da9c0ed09657",6088,"Hydra oligactis","species",NA,"Metazoa","Cnidaria","Hydrozoa","Anthoathecata","Hydridae","Hydra","Hydra oligactis"
"50","45cce0ab502ea227c2555d039ea633a5cc839cf3",2759,"Eukaryota","superkingdom",1,"","","","","","",""
"51","b642c491cd5ea03e7fcf7468de5a3ff9078d4748",2759,"Eukaryota","superkingdom",1,"","","","","","",""
"52","aebc6333bf79c5bae216fd9a30bcd32bbb5fba4a",1,"root","no rank",NA,"","","","","","",""
"53","0adf7b9444acb6f8eb10175a487eef85ba324bcc",2836,"Bacillariophyta","phylum",0.9995,"","Bacillariophyta","","","","",""
"54","bd907eebe8c54fc35994d00b3318b898ebb79a51",2836,"Bacillariophyta","phylum",0.9995,"","Bacillariophyta","","","","",""
"55","83da6f8e86e529c1b804b692665ba406918755c2",2759,"Eukaryota","superkingdom",1,"","","","","","",""
"56","23ca525364e8b6375d96e892f103bad9a3392d95",2759,"Eukaryota","superkingdom",1,"","","","","","",""
"57","5a4892eb908c6ce3cd6e4fa170f9f536e02f11b5",131567,"cellular organisms","no rank",1,"","","","","","",""
"58","3fe135097cca9c29f08eea2472bdb581627f518b",2759,"Eukaryota","superkingdom",0.9888,"","","","","","",""
"59","1338e833c5cc106a1a22f39c43f4ac3db7cb6270",504568,"Salmoninae","subfamily",1,"Metazoa","Chordata","Actinopteri","Salmoniformes","Salmonidae","",""
"60","223a4854ff32e1acbc579791b82e3fad92fa3656",1,"root","no rank",1,"","","","","","",""
"61","05ffae7e8304f8eec6ba8d087502e140904c0147",9307,"Macropodidae","family",1,"Metazoa","Chordata","Mammalia","Diprotodontia","Macropodidae","",""
"62","ad74339d53077b411eb5752ef738f490b4c35d9d",1,"root","no rank",1,"","","","","","",""
"63","2b958674788d03e63fe4a615bba82151ee15b2b7",1,"root","no rank",NA,"","","","","","",""
"64","09a13a0b702d3550d7d8100040b3550264d27f64",2759,"Eukaryota","superkingdom",1,"","","","","","",""
"65","0c1db55d313817554f282936133320231ddfb417",2759,"Eukaryota","superkingdom",0.9996,"","","","","","",""
"66","01f02abd6894932195ccea400158811ee6eb698d",2759,"Eukaryota","superkingdom",1,"","","","","","",""
"67","1c6c1a8871a14684139f7f2ab11b72720e4aa84f",33850,"Bacillariophycidae","no rank",1,"","Bacillariophyta","Bacillariophyceae","","","",""
"68","5f8e661a900cfe45b5a4f6621853db1c106d466b",33850,"Bacillariophycidae","no rank",1,"","Bacillariophyta","Bacillariophyceae","","","",""
"69","007d57343da8b23cf493f3c66d6d59d96617e00f",2759,"Eukaryota","superkingdom",1,"","","","","","",""
"70","a51be59ac2fff2f518dc1e6da7768df6324060ee",2759,"Eukaryota","superkingdom",1,"","","","","","",""
"71","4ebf63f8ed24ac38f5972c0843195731ed42c58f",2759,"Eukaryota","superkingdom",1,"","","","","","",""
"72","3bd45757984c4321ff62162ddf5dbbb19245b041",9307,"Macropodidae","family",1,"Metazoa","Chordata","Mammalia","Diprotodontia","Macropodidae","",""
"73","3448a08ae1de52a23ded69db9912a2e77392d789",2759,"Eukaryota","superkingdom",1,"","","","","","",""
"74","bd4bf67f0788b099d345b7f2a300e488508f8296",2836,"Bacillariophyta","phylum",0.9972,"","Bacillariophyta","","","","",""
"75","aa8ebff6225c1a41226feb5c9be4f16b9f5de6cd",1,"root","no rank",1,"","","","","","",""
"76","5a889979ebbaf84484fe731b07521e74c5d8521b",2759,"Eukaryota","superkingdom",0.9998,"","","","","","",""
"77","22379c7a7e4114757e579e4ea8755e6f1d516c2a",1,"root","no rank",NA,"","","","","","",""
"78","e35a0d43382ce1f8adb115458405fc83557e4135",43808,"Orthocladiinae","subfamily",0.9982,"Metazoa","Arthropoda","Insecta","Diptera","Chironomidae","",""
"79","e3d23aa5bcfb749ef4c52f24a2865b6d7732153c",1,"root","no rank",1,"","","","","","",""
"80","5b8326ca03801655d479f857c33c40ad6767f0a2",2759,"Eukaryota","superkingdom",1,"","","","","","",""
"81","c12e29311cde1d7041ce69afb2d9ba6d232870f3",2759,"Eukaryota","superkingdom",1,"","","","","","",""
"82","0e66520fde6477b768d0156c7fdbf18d7324f962",1,"root","no rank",1,"","","","","","",""
"83","5cd48790d89c200fd38197377fd8b053c8be8217",2759,"Eukaryota","superkingdom",0.9997,"","","","","","",""
"84","f5b23aa7e50c26d77213bfa8a481dd56a9794b7e",2836,"Bacillariophyta","phylum",0.9982,"","Bacillariophyta","","","","",""
"85","ad6d7e2997431fc7a26b70b98dd5793821289ac4",1780200,"Naidinae","subfamily",0.996,"Metazoa","Annelida","Clitellata","Haplotaxida","Naididae","",""
"86","2f841bf29fb314b2c773773809933dc15f09ee8a",2836,"Bacillariophyta","phylum",0.9972,"","Bacillariophyta","","","","",""
"87","04081451d3900f13448cc189bea2797a7790014c",4762,"Oomycetes","class",1,"","","Oomycetes","","","",""
"88","0e79f625557e9166d21f9471469ee4e5480925ba",1,"root","no rank",NA,"","","","","","",""
"89","0082c1c833fd9f9338cb31e156804e243266b89e",2759,"Eukaryota","superkingdom",0.9956,"","","","","","",""
"90","ceee7283dd560f4c6862c0a716d970803f408b94",7148,"Nematocera","suborder",1,"Metazoa","Arthropoda","Insecta","Diptera","","",""
"91","44980b5f9b4c0a49c37440405f1aa64f1c79a84d",33154,"Opisthokonta","no rank",1,"","","","","","",""
"92","cd8a7ac994086c73d1565341b94b280798ce30a6",1,"root","no rank",1,"","","","","","",""
"93","a0808c3049d8cb6510e36914b4b81d242264bca7",2836,"Bacillariophyta","phylum",0.9982,"","Bacillariophyta","","","","",""
"94","09c2834ccdd4908ef2985405b673bb13cc59fcd2",2759,"Eukaryota","superkingdom",1,"","","","","","",""
"95","aa3efaf4eec4601d6de6ae78606b2d43f115c018",1,"root","no rank",NA,"","","","","","",""
"96","5f163531b35e785031e3bef381b6a2c8e42ff7af",33154,"Opisthokonta","no rank",0.9986,"","","","","","",""
"97","bf08f73c6ad1b2ae27bb1983357ee27eb98d11f4",1,"root","no rank",NA,"","","","","","",""
"98","95c013c31c17240b9ac2676f98761a32cdd2ca9b",1,"root","no rank",NA,"","","","","","",""
"99","a41903f26061e0750bea8135a7a82b66df6afd0f",2759,"Eukaryota","superkingdom",0.9914,"","","","","","",""
"100","1d83734ad1508a2bc3da6c3e93043f11d6241edd",33208,"Metazoa","kingdom",0.9699,"Metazoa","","","","","",""
"101","7efdd418085858a9cff92c40af237c2b1a369874",1,"root","no rank",NA,"","","","","","",""
"102","523e2a491dd6f6c571d1a967a9335451deae942f",2836,"Bacillariophyta","phylum",0.9996,"","Bacillariophyta","","","","",""
"103","777761764e7f3a73510192e862301678c84ccc17",1,"root","no rank",1,"","","","","","",""
"104","8b3e3a0ec89e34142cbb30202034de872ddd3fce",1,"root","no rank",1,"","","","","","",""
"105","b150f0527c06cd415298ba8a2bf21659de04939a",131567,"cellular organisms","no rank",1,"","","","","","",""
"106","c7ca92ff378be2c182272a8239e3b2f28a00af86",1,"root","no rank",1,"","","","","","",""
"107","63d51842fe765bba94aac5aaac0166840bbf6a06",2759,"Eukaryota","superkingdom",0.9999,"","","","","","",""
"108","d8f2ac8c2b2b37a516483c5355b721d54edf810a",2759,"Eukaryota","superkingdom",0.9998,"","","","","","",""
"109","1b79618a060392699d1aabc1d009817af55bbfaf",33213,"Bilateria","no rank",1,"Metazoa","","","","","",""
"110","ef01ee2a9090cd7e7d68790cd5011cad830b5750",33154,"Opisthokonta","no rank",1,"","","","","","",""
"111","6f3dec293a7c259697081faab2f6c3abcd833adc",2759,"Eukaryota","superkingdom",1,"","","","","","",""
"112","7e0d6552b75d3f82ea6501feed8a887df47bbb63",7496,"Pterygota","subclass",1,"Metazoa","Arthropoda","Insecta","","","",""
"113","d4c7e8a20fb1e5e12a906c846faa0c4f917393bb",2759,"Eukaryota","superkingdom",1,"","","","","","",""
"114","e8da07052900d1394cee992be34f83aa07639f8f",2836,"Bacillariophyta","phylum",1,"","Bacillariophyta","","","","",""
"115","ab0bd96594d156e231b7dd9ae44187660532246d",33154,"Opisthokonta","no rank",1,"","","","","","",""
"116","b450a1868a85869b3a6055c374a27b99896e4816",2759,"Eukaryota","superkingdom",0.8655,"","","","","","",""
"117","7cead4d0a3a368df94b0ec77416c5781d0e50f74",33154,"Opisthokonta","no rank",0.9186,"","","","","","",""
"118","47df292bc18b013b5e4f0ca507503916409948f5",2759,"Eukaryota","superkingdom",1,"","","","","","",""
"119","5e998b58b276d3b2e32bac1ae3f0ea1342e20023",2836,"Bacillariophyta","phylum",0.9744,"","Bacillariophyta","","","","",""
"120","f790279027c624d61d059a9af27c839506384cd9",1,"root","no rank",NA,"","","","","","",""
"121","0dd5484138196c9ce626633bf0fc2e4af34d1645",2759,"Eukaryota","superkingdom",1,"","","","","","",""
"122","05e196b7745701846fbe80cf2def13422c6604e9",2759,"Eukaryota","superkingdom",1,"","","","","","",""
"123","17b711001806dea2ff207d61c38400f0fa452cb9",2759,"Eukaryota","superkingdom",1,"","","","","","",""
"124","768e2a166087b0d1d496692733dc809af3972a1c",74726,"Chaetogaster","genus",1,"Metazoa","Annelida","Clitellata","Haplotaxida","Naididae","Chaetogaster",""
"125","4417e5d32ee1bde296b63a5efda57a4aa6df2488",1,"root","no rank",NA,"","","","","","",""
"126","3b877aab36cfec9afde65b6fb7ca8bccb4f07236",9316,"Macropus fuliginosus","species",NA,"Metazoa","Chordata","Mammalia","Diprotodontia","Macropodidae","Macropus","Macropus fuliginosus"
"127","d22aacc0af5a2d51244983d235eec894734215f3",2759,"Eukaryota","superkingdom",1,"","","","","","",""
"128","cbec87e83b20e88435801ea1f20fc9951c49b17c",2836,"Bacillariophyta","phylum",0.9972,"","Bacillariophyta","","","","",""
"129","8159a1d98bcfda1ce415ab396391544e450308b5",2759,"Eukaryota","superkingdom",1,"","","","","","",""
"130","4e64e63a14010ab38462e7b690abcd926e7cd78d",27896,"Planariidae","family",1,"Metazoa","Platyhelminthes","","Tricladida","Planariidae","",""
"131","a7c8613c9119b7b7c84db6a8445db139666fcf7b",2836,"Bacillariophyta","phylum",0.9939,"","Bacillariophyta","","","","",""
"132","6430567aecd96f6aa7130f980096c81a47e15218",33850,"Bacillariophycidae","no rank",1,"","Bacillariophyta","Bacillariophyceae","","","",""
"133","351d7072cc7fd7a4aa7e98b173155c314fae46e5",2759,"Eukaryota","superkingdom",0.9957,"","","","","","",""
"134","48b49d6a71e83f430e3553eb9d36fffd03f9f07e",1,"root","no rank",NA,"","","","","","",""
"135","d4364bf5744dcd57c0b4aeed034e37b8ab36d975",131567,"cellular organisms","no rank",1,"","","","","","",""
"136","119f9fb96f947c8626bb7b4a0c940b84e2619119",2759,"Eukaryota","superkingdom",1,"","","","","","",""
"137","e03d7f24b368d97faff7877ec7745d3c512ff411",1,"root","no rank",1,"","","","","","",""
"138","fb563bd2723e44b2d8a32e94d70f620fd5c5a7c7",84315,"Cyclopidae","family",1,"Metazoa","Arthropoda","Hexanauplia","Cyclopoida","Cyclopidae","",""
"139","7b04e30cd3c3bef44290f3d5211e944dba9e6107",33850,"Bacillariophycidae","no rank",1,"","Bacillariophyta","Bacillariophyceae","","","",""
"140","d353cab2b9d7a87d20e612b12bde536a8433df15",1,"root","no rank",1,"","","","","","",""
"141","b8e861bd35a8b432ce585d48c79b2125a561908b",33154,"Opisthokonta","no rank",1,"","","","","","",""
"142","c9085e8806b626be3db9d15fa37b47ab1f2d284d",2759,"Eukaryota","superkingdom",0.9999,"","","","","","",""
"143","9f1d872c78fb37e061656b16a0334fbe3c873b80",33850,"Bacillariophycidae","no rank",1,"","Bacillariophyta","Bacillariophyceae","","","",""
"144","74878e30b5846cb5534695b5ebc8c573637a2eb8",2759,"Eukaryota","superkingdom",1,"","","","","","",""
"145","ecb0c9dfb52be078ef7c6c58dbb085dd5442bfe3",2836,"Bacillariophyta","phylum",1,"","Bacillariophyta","","","","",""
"146","fc16229829622d97dc73a95b6303c92f889f9016",1,"root","no rank",1,"","","","","","",""
"147","f2269dca62f43586e0a80914852c6301f8fc0fe8",131567,"cellular organisms","no rank",1,"","","","","","",""
"148","dfb3b687311158592ed5d5aaa2e958590e19ec90",2759,"Eukaryota","superkingdom",0.9842,"","","","","","",""
"149","76c65ca31c2dfb9ac300027181f56d691c60596a",33850,"Bacillariophycidae","no rank",1,"","Bacillariophyta","Bacillariophyceae","","","",""
"150","aea593b941463dcfff3d671f45162294054554b9",33317,"Protostomia","no rank",1,"Metazoa","","","","","",""
"151","61512ccbf7375b317126799d73e41165affa1610",33154,"Opisthokonta","no rank",1,"","","","","","",""
"152","73ab2483b9792096b5354f8d0e0cc15b2f0302c0",2759,"Eukaryota","superkingdom",0.8789,"","","","","","",""
"153","da5955b39039a7a8ae06c5637546c8bdd25d4fb0",1,"root","no rank",1,"","","","","","",""
"154","3051d70d678be881301fa62416c4dea86e53e2fe",1,"root","no rank",1,"","","","","","",""
"155","598de9eb0a98a2566ec11ca998c4b0bad19947da",2759,"Eukaryota","superkingdom",1,"","","","","","",""
"156","635c5c7f4005de499128ffb02c0b21b1177df79f",2759,"Eukaryota","superkingdom",1,"","","","","","",""
"157","33aa71c34f9f50d8b72e918b375fa572db884fce",33154,"Opisthokonta","no rank",0.9949,"","","","","","",""
"158","5a6014c4dd87a77e81e229ea041ac1832ec314a1",2759,"Eukaryota","superkingdom",0.9998,"","","","","","",""
"159","98f5aaa55bc6fabc4f3821951989f385f71a82f9",131567,"cellular organisms","no rank",1,"","","","","","",""
"160","201fe67d114c7fcfbf13adabc35a448a23cc11d9",2759,"Eukaryota","superkingdom",1,"","","","","","",""
"161","fa413572819616b809dceb2b0178c6cf1771de90",2759,"Eukaryota","superkingdom",0.9837,"","","","","","",""
"162","b7796c97b6b44ff35fb723fe7ea16288fde7233a",2759,"Eukaryota","superkingdom",1,"","","","","","",""
"163","60e9eba83d71688871a9c8a75d5e159679bb912c",4762,"Oomycetes","class",1,"","","Oomycetes","","","",""
"164","28f53ff493448c5144ca7191c98f0e84337b013b",1,"root","no rank",1,"","","","","","",""
"165","5615a89cdbb8b7fa005b187cca2000b135d4ad3d",33154,"Opisthokonta","no rank",0.941,"","","","","","",""
"166","d4c123990596da8535fc8d37c0325f51a4f36c32",2759,"Eukaryota","superkingdom",1,"","","","","","",""
"167","10f2cba0bf84af27880e56a7b7c92596ddb662a7",2759,"Eukaryota","superkingdom",0.9837,"","","","","","",""
"168","ce58180855d37c58484e232cc5bf1a12d79393a8",33154,"Opisthokonta","no rank",0.9997,"","","","","","",""
"169","d0444c60c049e1b936cfaa27682d103336844dbe",2759,"Eukaryota","superkingdom",0.9925,"","","","","","",""
"170","544ff9afb10f406cf500fd41790fd661f6ded63c",1,"root","no rank",NA,"","","","","","",""
"171","6cec0e35eb0a1f5b7122eb61794d3a2ba304a608",1,"root","no rank",1,"","","","","","",""
"172","ec55e6964b56df1ff177e212411b4a2645001797",1,"root","no rank",NA,"","","","","","",""
"173","598029c51a05a27e14e7dcb30d79e91e249c87d6",2759,"Eukaryota","superkingdom",1,"","","","","","",""
"174","d7494a0d831c30d1e34553f9a16a588b77d7184d",1,"root","no rank",NA,"","","","","","",""
"175","679788d9a5aea279dc413f7ba1a9dad9882e33ee",2759,"Eukaryota","superkingdom",1,"","","","","","",""
"176","d0d6198ca709a798cfdf22d450b952b05fd6272d",131567,"cellular organisms","no rank",1,"","","","","","",""
"177","ef7342bea578dd8a7447b1f4d6e47534a1984f0c",2759,"Eukaryota","superkingdom",0.9948,"","","","","","",""
"178","b4cc07fb501a9e0c6a8692801b49c426728298e7",131567,"cellular organisms","no rank",0.9976,"","","","","","",""
"179","df6fc1d9c7317568df8a422a6fc84aeb91e9c7ca",2836,"Bacillariophyta","phylum",1,"","Bacillariophyta","","","","",""
"180","92fb4faad4e683ddc44f4edb13d21606c84ba33e",2759,"Eukaryota","superkingdom",1,"","","","","","",""
"181","734ee61b34500e2367951201427dbef6542fe8a9",131567,"cellular organisms","no rank",1,"","","","","","",""
"182","29fcd0dc8315f8bf2d7732ad3bf854b99cc3a07e",1,"root","no rank",NA,"","","","","","",""
"183","94fb4c5787bea7765921f44e36326fb5aafccae3",7496,"Pterygota","subclass",0.9887,"Metazoa","Arthropoda","Insecta","","","",""
"184","cbe53179d2a7e29a103235119422a82e8bed96f4",2759,"Eukaryota","superkingdom",1,"","","","","","",""
"185","83f61cf600b9d0baf0154d74e0744dc45a9b770b",1,"root","no rank",NA,"","","","","","",""
"186","c1054da5e794c0c6d4ac53e34ac1dac70bb12e52",2759,"Eukaryota","superkingdom",0.9788,"","","","","","",""
"187","4cd39ba0ae63cdd7b5047be32b53c4ab2baf870a",2836,"Bacillariophyta","phylum",1,"","Bacillariophyta","","","","",""
"188","332a997a74f4876d935bb35a478c0cc1fd8d09b5",1,"root","no rank",1,"","","","","","",""
"189","9718c610874fc1a1cd6590f7c1d366663f7d8b17",2759,"Eukaryota","superkingdom",0.9996,"","","","","","",""
"190","8e6cb52349d4e24c887374cb1f97ce6b738b7387",1,"root","no rank",1,"","","","","","",""
"191","79b98f91e548bcd438d95283289480d8ac0cdcfb",1,"root","no rank",NA,"","","","","","",""
"192","a25eb832c3926951925f2dbba7cc0c9f416fa426",2759,"Eukaryota","superkingdom",1,"","","","","","",""
"193","607a7652f70838e006d54823f55b86fd952e0e8e",78237,"Phytophthora gonapodyides","species",NA,"","","Oomycetes","Peronosporales","Peronosporaceae","Phytophthora","Phytophthora gonapodyides"
"194","f7124917a5bd1641b34dd8bf637d5a91482ff28f",2759,"Eukaryota","superkingdom",1,"","","","","","",""
"195","06c5efdd23279c7da68cc0d281b7903ee4c47cb2",2836,"Bacillariophyta","phylum",1,"","Bacillariophyta","","","","",""
"196","8e59690017cd58e364a9d27500dd3004923f7d5d",2836,"Bacillariophyta","phylum",0.9716,"","Bacillariophyta","","","","",""
"197","958eedb2d41f0ada3ac0a3ae02b659658b68cd22",33154,"Opisthokonta","no rank",1,"","","","","","",""
"198","0b40cfb0c81c4400db01ba74c6f7541bd2c9c151",1,"root","no rank",1,"","","","","","",""
"199","26fa5489ab123b1b8e9fca666c321cb061715ed0",2759,"Eukaryota","superkingdom",1,"","","","","","",""
"200","662830f4753695f55f600982a455c1921fa81c12",33154,"Opisthokonta","no rank",0.9186,"","","","","","",""
"201","c0cab2fd531ed517d86607ed24fdb6308dff22cb",33154,"Opisthokonta","no rank",0.8154,"","","","","","",""
"202","b2da85ec468e5f7eddba2a273ea6bbab3aff382c",1,"root","no rank",NA,"","","","","","",""
"203","6065bb05e705c0a00719f66b393f8bdbc4b5ff7f",1,"root","no rank",NA,"","","","","","",""
"204","28904a5a2d28e949fd91cd003b559c0d69f35b41",1,"root","no rank",1,"","","","","","",""
"205","0a2082fa8d92f102ff0845fea39d5848faa88aec",2759,"Eukaryota","superkingdom",0.9994,"","","","","","",""
"206","b4cc393950d56a80f15ca19314c6ad25d6daf621",313557,"Cochliopodium","genus",1,"","","","Himatismenida","Cochliopodiidae","Cochliopodium",""
"207","6802c8ef04e583de1a5d7abd54afb2c165e88769",2759,"Eukaryota","superkingdom",1,"","","","","","",""
"208","e7ca52ed2162680d6c6557981f8abcd3f157feed",41372,"Chaetonotidae","family",1,"Metazoa","Gastrotricha","","Chaetonotida","Chaetonotidae","",""
"209","07ae5fe0b10ebcaeea34469e038ed968044f70f8",1,"root","no rank",NA,"","","","","","",""
"210","c9bec10cb9cb2e5af2e2557a4a38c1caf48da581",2759,"Eukaryota","superkingdom",1,"","","","","","",""
"211","526684e6c408d60162d569cabd8ed045273db964",33154,"Opisthokonta","no rank",1,"","","","","","",""
"212","e7256f133a7e95db6b495b3310b1a900436cce92",131567,"cellular organisms","no rank",1,"","","","","","",""
"213","38bc1a7de9dd07020f28002587f4dbd4dd1ef3d7",1,"root","no rank",1,"","","","","","",""
"214","2c196570bfa92085d520e14361b542f352d4a1ee",2836,"Bacillariophyta","phylum",1,"","Bacillariophyta","","","","",""
"215","8c7f6a7228e362170541170adc4e45769af61405",1,"root","no rank",NA,"","","","","","",""
"216","48f5cb2ee8058a2e54408e3161e897f9ac048195",2759,"Eukaryota","superkingdom",0.9964,"","","","","","",""
"217","d3fb680985f82a0c0b6a52cdcf268af343cdc874",2759,"Eukaryota","superkingdom",1,"","","","","","",""
"218","028a9323c69b967f838e341f3d583fa4560f3644",2759,"Eukaryota","superkingdom",1,"","","","","","",""
"219","8d76fb6c2060201c8d04190299c6ccbca12da46f",131567,"cellular organisms","no rank",1,"","","","","","",""
"220","0e9cdaaa59793b225651cd5af250c76e9b01ecff",2759,"Eukaryota","superkingdom",1,"","","","","","",""
"221","3b5f4020a5b6c4fdf998240dfd0c3fd41f67d3bf",33154,"Opisthokonta","no rank",1,"","","","","","",""
"222","492c005e08606c66627ae0231c03481f354700ec",2759,"Eukaryota","superkingdom",1,"","","","","","",""
"223","dae2bdb2f87fb1578b98f15411ca239fe6c89f39",1,"root","no rank",1,"","","","","","",""
"224","3de8087310549a3e092d620ef0edbd980fcf433f",33850,"Bacillariophycidae","no rank",1,"","Bacillariophyta","Bacillariophyceae","","","",""
"225","b8ed36cbb9b9d6f2006fb0d19ddb49314aa2cd42",2759,"Eukaryota","superkingdom",1,"","","","","","",""
"226","8de05425f9e818b88b2343d210018395f2dba00a",33154,"Opisthokonta","no rank",1,"","","","","","",""
"227","7afbba7056a41c11fe7ea8199fd322a9bf973562",2836,"Bacillariophyta","phylum",0.9939,"","Bacillariophyta","","","","",""
"228","6d0492a8bd3d792f67cf2edb3bc803d4468ef7b6",2759,"Eukaryota","superkingdom",0.998,"","","","","","",""
"229","867db3e0433b7d5d846a04f42936095629dce5de",1,"root","no rank",1,"","","","","","",""
"230","1afe509aefc387d2ec453c2c1b7a587c904865ce",1,"root","no rank",1,"","","","","","",""
"231","cb17fddbe25957206327439d53f48c5a9e1c544c",33213,"Bilateria","no rank",1,"Metazoa","","","","","",""
"232","9d0a7e8394c93d548b6757ec669c17f0b31f8c98",2759,"Eukaryota","superkingdom",1,"","","","","","",""
"233","8342510f0b0cd8ede93eac99c77c617d967ce085",33213,"Bilateria","no rank",1,"Metazoa","","","","","",""
"234","57b21ce67bb146290957a0d44e9b66fac338edba",1,"root","no rank",1,"","","","","","",""
"235","ee9e5d8281f843e861358ef89b1febe88fef660c",1,"root","no rank",1,"","","","","","",""
"236","a06c7aba820fed7bfaa5a3a77d27365bbdafff55",33154,"Opisthokonta","no rank",0.9995,"","","","","","",""
"237","c89a05e83d9e38c7f97c87e1cab581c644f4cd12",2759,"Eukaryota","superkingdom",1,"","","","","","",""
"238","6622cc41ee6faea2218be052cfafb006901625ba",2759,"Eukaryota","superkingdom",1,"","","","","","",""
"239","e94c0c1344bf78dacc0c232e96107fb2be9e9aed",2759,"Eukaryota","superkingdom",0.9997,"","","","","","",""
"240","8b4666b3b4c5eb69bee1a4d0a16c8868b038b0f0",33154,"Opisthokonta","no rank",1,"","","","","","",""
"241","1822e75007b51e07153bea127b4641cf5d5409ec",313557,"Cochliopodium","genus",1,"","","","Himatismenida","Cochliopodiidae","Cochliopodium",""
"242","e1ae5ebaac55b6cbad17beccee8ee8c94e239751",2759,"Eukaryota","superkingdom",1,"","","","","","",""
"243","56a700e1f04516fae58ee4a8c9e703ca09c9c1d2",1,"root","no rank",1,"","","","","","",""
"244","9a532b436c6ff8dd18316fdf02e991539b3450ad",2759,"Eukaryota","superkingdom",0.9996,"","","","","","",""
"245","c80e28242c8a3563ba791a7f3bfac2dea3a26c4a",2759,"Eukaryota","superkingdom",1,"","","","","","",""
"246","fe0b0620b18978eeeab7903d913cbdfc4c968c69",1,"root","no rank",1,"","","","","","",""
"247","a0ac6de82da5dcdfc0f9b8f3d3f4079dc52e3571",2759,"Eukaryota","superkingdom",0.9997,"","","","","","",""
"248","a830e8303f1e9080d0ca65e8ef05b3d0b119bd36",2759,"Eukaryota","superkingdom",1,"","","","","","",""
"249","d66270830c7b46d0baae5f212e0bc9c4e56a03b9",2759,"Eukaryota","superkingdom",1,"","","","","","",""
"250","9bf0c815af6edda55c39c189f375c4773fd6b53f",2759,"Eukaryota","superkingdom",1,"","","","","","",""
"251","eb382f925e894ee25ca7401fe4590591fe956b9e",33154,"Opisthokonta","no rank",1,"","","","","","",""
"252","a69f551f91b5b9dcf96ab04ae7303d2c79c489c8",2759,"Eukaryota","superkingdom",1,"","","","","","",""
"253","c16144ed72b55bfff4a53da0c5eec6a29dde143b",1,"root","no rank",NA,"","","","","","",""
"254","6d4d2d4568d99747d965ba3687b50742702fb2fc",1,"root","no rank",1,"","","","","","",""
"255","17b19262efbad044cf0a68dd14de802fdf38a7cb",1,"root","no rank",NA,"","","","","","",""
"256","516b9a01b8cb410f51f3ec1d11049dfe0d41e273",2759,"Eukaryota","superkingdom",0.8675,"","","","","","",""
"257","197c79fc7b37ec54b09df9f6f715ed1bbf7d169b",1,"root","no rank",NA,"","","","","","",""
"258","312bf6565842269179be070cb8fae3024ae0a4a0",2759,"Eukaryota","superkingdom",1,"","","","","","",""
"259","0bd9a323f81ee938d35dba4062f5878a7e85aa61",2759,"Eukaryota","superkingdom",1,"","","","","","",""
"260","8be20cfb838f2a45939476de8460a93eb1deaf88",2759,"Eukaryota","superkingdom",0.9915,"","","","","","",""
"261","9fdf28c235e9450f949c03cf92e10685f9df88df",2759,"Eukaryota","superkingdom",1,"","","","","","",""
"262","2b4b6583943321a8bf3a6d7c64c4fe44357d4b11",2759,"Eukaryota","superkingdom",1,"","","","","","",""
"263","726bc691bf116f4890e2cd21eddb75505a9f044f",4782,"Pythiaceae","family",0.9996,"","","Oomycetes","Pythiales","Pythiaceae","",""
"264","b1349f8b72672a3841ab6d956ecea1535a5259c9",2759,"Eukaryota","superkingdom",1,"","","","","","",""
"265","b299dfc14101749791c7dacc4b41aaa7fedab11b",1,"root","no rank",NA,"","","","","","",""
"266","d93e68490d642a34789ffcb9dcef8a4f933b0d7f",33154,"Opisthokonta","no rank",1,"","","","","","",""
"267","f2ec2842af803bae2c9543cb99bbd60fea706d25",2759,"Eukaryota","superkingdom",1,"","","","","","",""
"268","e20baa2a3ac25295ec5becbd2d7e480786f826c6",2759,"Eukaryota","superkingdom",1,"","","","","","",""
"269","dadd0b5bbae89ef69604243fa70fcedd9f8ab5da",1,"root","no rank",1,"","","","","","",""
"270","3e9c012e4efc60f0d8427e82d4ca12e8324705ef",1,"root","no rank",NA,"","","","","","",""
"271","b04815e4a252b7be2951f10f3f214b5d48b722b2",2759,"Eukaryota","superkingdom",0.9996,"","","","","","",""
"272","32c1afd4e25e27c6768cd0cfc50266b535accdf0",1,"root","no rank",1,"","","","","","",""
"273","6133d8480e4393690b990de88302e1f891953419",1,"root","no rank",1,"","","","","","",""
"274","fca29c1122cae44e0b4cfe98f7811610b874b4a2",2759,"Eukaryota","superkingdom",0.9996,"","","","","","",""
"275","c3389c063f1a1af1dd6278b8114f70bedaf1b20b",1,"root","no rank",1,"","","","","","",""
"276","8dd9203a94412d3696c0ca6720fda6aede1c6488",2759,"Eukaryota","superkingdom",1,"","","","","","",""
"277","f53b43b9d049891aec943a033454b4967f9da675",2759,"Eukaryota","superkingdom",1,"","","","","","",""
"278","f90c2efad01837db87f21b77a58fbb57439c83c4",33850,"Bacillariophycidae","no rank",1,"","Bacillariophyta","Bacillariophyceae","","","",""
"279","75b50d9ee4577dafa1787cf323fd87648a154077",1,"root","no rank",NA,"","","","","","",""
"280","1757587539605b2b2331f2e5547f9cc282cabcdc",2759,"Eukaryota","superkingdom",1,"","","","","","",""
"281","fbd4109223322f0508619193e87f98db7d2743b8",2759,"Eukaryota","superkingdom",1,"","","","","","",""
"282","d4277bd334dc08bae0decdec4e907c02cec65e8b",2759,"Eukaryota","superkingdom",1,"","","","","","",""
"283","f203d5b926e8bd0d5aaf239fd69301390e525138",4782,"Pythiaceae","family",0.9996,"","","Oomycetes","Pythiales","Pythiaceae","",""
"284","3951586a068a538aa30e9bb891f786c02a69769e",30073,"Ephemeroptera","order",0.9033,"Metazoa","Arthropoda","Insecta","Ephemeroptera","","",""
"285","c2e46579d40d5ad59c71755084faeec3520ecec8",1,"root","no rank",1,"","","","","","",""
"286","1d599cc1791924e6e0e90cc4fa0f7e4f525170a8",1,"root","no rank",1,"","","","","","",""
"287","214528905803aacbcef8fcd4d25a0b769a3c55c1",1,"root","no rank",NA,"","","","","","",""
"288","44e277bcd0bea2315620c42ae08dbf1381819bb5",2759,"Eukaryota","superkingdom",0.9132,"","","","","","",""
"289","19845bbbde61fe28f3973e6ee5858962dc93b327",313557,"Cochliopodium","genus",1,"","","","Himatismenida","Cochliopodiidae","Cochliopodium",""
"290","36d6b1a890ee7883be3f86fe7b2ab65c6b57a671",2759,"Eukaryota","superkingdom",1,"","","","","","",""
"291","6f63665844e4e001d7b1551dd85c3fd9e503126d",2759,"Eukaryota","superkingdom",0.9999,"","","","","","",""
"292","c0448313bbee429774fe15cc2a88ed1ef2f5fefa",1,"root","no rank",1,"","","","","","",""
"293","a3e67ed7ee70e34ddda4b7b53966537305e10277",1,"root","no rank",1,"","","","","","",""
"294","5ff3e6d2a9b832df20459bfb44976ae614173b19",1,"root","no rank",NA,"","","","","","",""
"295","dbd23cf2c39b5ae793635d70f01848de61f2b37a",1,"root","no rank",1,"","","","","","",""
"296","aa6ceeaed8ae6f604f9a363e1d26037903d9944d",33154,"Opisthokonta","no rank",0.9834,"","","","","","",""
"297","f42ce56dc5c1170a7ce74df2d8faa90e5dd06b8f",2759,"Eukaryota","superkingdom",1,"","","","","","",""
"298","35a342ee97b7cdee236adc8d5990f4c7df3bfc66",131567,"cellular organisms","no rank",1,"","","","","","",""
"299","a541281659b0ee4ed6354255735ee23879bb41c2",1,"root","no rank",1,"","","","","","",""
"300","949c13cc8f7661380c092d8195e8f7483102a08b",2759,"Eukaryota","superkingdom",1,"","","","","","",""
"301","61763cd76fb2fdb81a46f99e8b2076b4c181ef4c",1,"root","no rank",1,"","","","","","",""
"302","d060a4062024b365a903f0d2348aa3fb19b8a489",33154,"Opisthokonta","no rank",0.8154,"","","","","","",""
"303","c999b293caa79905c0c85f9080c9840c9dc3dcb6",2759,"Eukaryota","superkingdom",1,"","","","","","",""
"304","6687533b1cd26a6ea8940a5435b9a20692c7f9d5",2759,"Eukaryota","superkingdom",1,"","","","","","",""
"305","9e2fda55e1c8ef6b87f9820b4c6ea1e6b77f74dc",2759,"Eukaryota","superkingdom",1,"","","","","","",""
"306","60388ec55ed5239dfb4a6e13298b2ecc9c3cc640",33154,"Opisthokonta","no rank",1,"","","","","","",""
"307","b9ed72c223a2723363f860abf83a27f1fcf60da8",2759,"Eukaryota","superkingdom",1,"","","","","","",""
"308","9b8f54a1f4e7eb3a12166f2bd29739bae5ee8060",2759,"Eukaryota","superkingdom",1,"","","","","","",""
"309","88d9b46a67dfbeb6d2e398a641e62ae46aec1b37",2759,"Eukaryota","superkingdom",1,"","","","","","",""
"310","3cc87ff30cb4a69d32e6cc132761f340cf0571b8",1,"root","no rank",NA,"","","","","","",""
"311","4aa22a31e6b081f6fcc540d7e6168d1740b615bd",1,"root","no rank",1,"","","","","","",""
"312","a23d0e0fd9d10189982a17d2c66ae015ba0bae9a",1,"root","no rank",1,"","","","","","",""
"313","7d4183c258b1762a5f1814ee1c5e5c33617143d1",1,"root","no rank",1,"","","","","","",""
"314","f77a859e23b4ce9cd02061a05c3f5d39943a4043",33154,"Opisthokonta","no rank",1,"","","","","","",""
"315","24726fd295a8a7a803cdcdcaf969bd9ecd114875",2759,"Eukaryota","superkingdom",1,"","","","","","",""
"316","d2fb3f39a53cbc90e78c592f7c6138ab1650e55b",1,"root","no rank",1,"","","","","","",""
"317","04fdf421668cc9d005f807ef8e6c7b60aa5a7f78",2759,"Eukaryota","superkingdom",0.9996,"","","","","","",""
"318","c8d160b86982519a8370ed0e2b419142bc6cd891",2759,"Eukaryota","superkingdom",1,"","","","","","",""
"319","73b74696eee8b98dc599c678690d349e60dee1fa",2759,"Eukaryota","superkingdom",1,"","","","","","",""
"320","47fc81e53052a09a1128b391e8ceff4d09b76afc",2759,"Eukaryota","superkingdom",0.9998,"","","","","","",""
"321","c35cdda9449eeb5728c7b768dfee0f6cf84ad524",2759,"Eukaryota","superkingdom",1,"","","","","","",""
"322","3a891e1273a57c2f54d9dfab6f6a32bb5ed32b36",43786,"Culicomorpha","infraorder",1,"Metazoa","Arthropoda","Insecta","Diptera","","",""
"323","9f36fbb097cccfa7aa1c2ea7ff1b1865dea0a146",2759,"Eukaryota","superkingdom",1,"","","","","","",""
"324","0278dc255ff14e2a6f92068f04134f013b90fa56",2759,"Eukaryota","superkingdom",0.9992,"","","","","","",""
"325","af5ac9326d52d306a0f332fced3bf520ec1f00d6",2759,"Eukaryota","superkingdom",0.9893,"","","","","","",""
"326","3eae25f04778c85e67f3c0cc653c6b51df8b7c34",131567,"cellular organisms","no rank",1,"","","","","","",""
"327","075b62e4e7c64d00f5a898b900556745371abac0",131567,"cellular organisms","no rank",1,"","","","","","",""
"328","a0b044bbbc4a649d3395433a16151d3db655f3dd",2759,"Eukaryota","superkingdom",1,"","","","","","",""
"329","0d3b2becff863ee54d00d995196afd0a98a1d803",2759,"Eukaryota","superkingdom",1,"","","","","","",""
"330","aca07a8b049f115ffd789ef5ce15521df4dc1a77",2759,"Eukaryota","superkingdom",1,"","","","","","",""
"331","840a7250c0ed685aeedb38a70ef8eba4366bd9e8",1,"root","no rank",1,"","","","","","",""
"332","a9fb2ecaea7a9217740ffc6fde273c500eb5a18e",1,"root","no rank",1,"","","","","","",""
"333","2b3e53270492476aaea3eef749a453cb167c4f87",1,"root","no rank",NA,"","","","","","",""
"334","8df2af385d72d04e50850fdbf0c164ad4a19ef94",1,"root","no rank",NA,"","","","","","",""
"335","c61fd9f0454e83614f6c3ba4204b89d6bd5c8d2f",1,"root","no rank",NA,"","","","","","",""
"336","9bd2d7ece4df413edbd919f217e97b4601df1e63",1,"root","no rank",NA,"","","","","","",""
"337","d717c1cc4bb12e3fa38fc247ebd34a7f5c01b54d",2759,"Eukaryota","superkingdom",1,"","","","","","",""
"338","5cfeebe712c753daec0080149f1aff85e01d4ad2",2759,"Eukaryota","superkingdom",1,"","","","","","",""
"339","07bf7f63e4a10d109ed18d88f607eecc29f040e3",2759,"Eukaryota","superkingdom",0.9996,"","","","","","",""
"340","b643187a387fd18e51a0017856fb32238b73e148",2759,"Eukaryota","superkingdom",1,"","","","","","",""
"341","e2dd7f05f6bf7af1b044749b7c2ace40dfdbee7c",1,"root","no rank",NA,"","","","","","",""
"342","41fb2a32729da7380e4b6ac0913d279d81209717",1,"root","no rank",1,"","","","","","",""
"343","1fee8e0602a31ed4e2c005d9806d91e889d832f7",2759,"Eukaryota","superkingdom",1,"","","","","","",""
"344","12efcfdbafb02d610914718ef144639a277d66e8",1,"root","no rank",NA,"","","","","","",""
"345","04d448cb089b843690edafc5017a41e9c7f36669",2759,"Eukaryota","superkingdom",1,"","","","","","",""
"346","0dd40a55f1b1325c701dcfa860cfe7ce81f75154",1,"root","no rank",NA,"","","","","","",""
"347","ff7782e863fbf9824db9e5cf94fb2dc307a338c5",1,"root","no rank",NA,"","","","","","",""
"348","dfd0059320283e8823269532c30eebe88c99a0a4",2759,"Eukaryota","superkingdom",1,"","","","","","",""
"349","43e6a3f4edf0303ba2106b86772804196769094a",2759,"Eukaryota","superkingdom",1,"","","","","","",""
"350","5fbdf2c71245d211c38373b1a9db1ebb0c0f1e78",1,"root","no rank",1,"","","","","","",""
"351","ddda32e5b27435de7972212c85534589ac64adb3",2759,"Eukaryota","superkingdom",1,"","","","","","",""
"352","53e9531f0390bbf276330e1b71c05795037ebd89",2759,"Eukaryota","superkingdom",0.9424,"","","","","","",""
"353","ab8953b067f789d6a70c0cd4a83ba05f013def1a",1,"root","no rank",1,"","","","","","",""
"354","0f6fba836f01ed8af545fd27420aac3372d94283",1,"root","no rank",NA,"","","","","","",""
"355","e50453ebef60ee312b24ea47d087f1e22aa270a8",1,"root","no rank",1,"","","","","","",""
"356","c39da28d5a0999ca8201b7191fbef02ef03aee1e",2759,"Eukaryota","superkingdom",1,"","","","","","",""
"357","400ff2e1409e542c0a1be5775cbd4722aa60da2c",2759,"Eukaryota","superkingdom",0.9996,"","","","","","",""
"358","89d1e40ede8aa4d93ddc7131463bc4f4582df629",2759,"Eukaryota","superkingdom",1,"","","","","","",""
"359","9ed0974813dcce795d3015f2f8d40c09f3e9abbf",4762,"Oomycetes","class",1,"","","Oomycetes","","","",""
"360","005ebe6597c241615622a801e3786c9d77ad7308",1,"root","no rank",NA,"","","","","","",""
"361","e9e896489321e6ef5449fea51a4c0593646275af",2759,"Eukaryota","superkingdom",1,"","","","","","",""
"362","1ca48d2161eb3874451d3b611c720a24f9a6727c",131567,"cellular organisms","no rank",1,"","","","","","",""
"363","92afcef83c988806cdbea561d137ff945d6d51e9",131567,"cellular organisms","no rank",1,"","","","","","",""
"364","a18e9ae65793b8f60c214983c4a1d073b540ac39",131567,"cellular organisms","no rank",1,"","","","","","",""
"365","2cf352750c342212f3d9aa754c6f99584dc45176",4762,"Oomycetes","class",0.983,"","","Oomycetes","","","",""
"366","afdd92f9035cd58b8ef7bddaaa97b9173b76d6c0",2759,"Eukaryota","superkingdom",1,"","","","","","",""
"367","953c6de0b65904ccd0a87dbc67960ad5d1701223",33154,"Opisthokonta","no rank",1,"","","","","","",""
"368","2627c5d4f22784a265765b00780eecd808b8b275",1,"root","no rank",NA,"","","","","","",""
"369","940f2184d978ad9203ec94ae336a7bb069275e4c",1,"root","no rank",1,"","","","","","",""
"370","5891697f7260ffcf1e3412e4ac1d359e2c407078",1,"root","no rank",NA,"","","","","","",""
"371","68d2b716f35046015a5deae400d0090ca44f0519",1,"root","no rank",1,"","","","","","",""
"372","2f459f29d6cc318dc13e6e40b24d184e05ea6bc5",2759,"Eukaryota","superkingdom",0.9994,"","","","","","",""
"373","4601a9c56469347218b2337b6a941453632d5d5c",33154,"Opisthokonta","no rank",1,"","","","","","",""
"374","0722a0c9fb4e81af6a889faf406d41e7be2aa62c",1,"root","no rank",NA,"","","","","","",""
"375","87d701ccdb8e36c059401851991139d1c8cef0a3",2759,"Eukaryota","superkingdom",0.9356,"","","","","","",""
"376","3447a79b859d1d1556e1521f710211407fd00d58",43813,"Simuliinae","subfamily",1,"Metazoa","Arthropoda","Insecta","Diptera","Simuliidae","",""
"377","e8e683289b1722cf57b8dc7bcc22b7896bc362c2",2759,"Eukaryota","superkingdom",0.9999,"","","","","","",""
"378","ff2add965fea1fb1eab2122768d620bc85cd4a50",33850,"Bacillariophycidae","no rank",1,"","Bacillariophyta","Bacillariophyceae","","","",""
"379","151e2218789360bbe8539124367c4d9316f2bda6",1,"root","no rank",NA,"","","","","","",""
"380","03db65a402c7ee14bb67263699c1fc5f6ed6069c",33634,"Stramenopiles","no rank",1,"","","","","","",""
"381","da6c330ca4cc433d14c4b41ae3dc580c7c9dd015",131567,"cellular organisms","no rank",1,"","","","","","",""
"382","937a51a860ecbbe266bcfdc901bedd8bfa779a3b",2759,"Eukaryota","superkingdom",1,"","","","","","",""
"383","086b021864df10ab313b59bc4c71a66181cf2b03",313557,"Cochliopodium","genus",1,"","","","Himatismenida","Cochliopodiidae","Cochliopodium",""
"384","b21e3dc8ffa9c53039dcb80b0596dfda3315b782",2759,"Eukaryota","superkingdom",1,"","","","","","",""
"385","bfe7f04de4dec05c6e8d13bd2d73a747c356e08a",33154,"Opisthokonta","no rank",1,"","","","","","",""
"386","cc2f9b89044bd9057a28ea0d9e974363f7b33d68",1,"root","no rank",NA,"","","","","","",""
"387","14b3d8024f0b2a1a40ade94152eff4c036deec15",2759,"Eukaryota","superkingdom",0.9999,"","","","","","",""
"388","4efabec987d05c56b93ca17f4b59bc6580fedd95",131567,"cellular organisms","no rank",1,"","","","","","",""
"389","c90310a3298931d4abac309bb0ff179612507967",2759,"Eukaryota","superkingdom",1,"","","","","","",""
"390","e49e8bccc8d99600acf0c976852477fa50557625",33154,"Opisthokonta","no rank",0.9186,"","","","","","",""
"391","93052a67d5951254f19f1d279c81e2bd452c3639",1,"root","no rank",1,"","","","","","",""
"392","771f1b328d7598a87488dd23445f9c473a3b970a",1,"root","no rank",1,"","","","","","",""
"393","f0fa874b608db66a2bbd933a35c307b196473ff3",1,"root","no rank",1,"","","","","","",""
"394","85b5a7a036b8205b4d4eb07516041f755a1f6614",33154,"Opisthokonta","no rank",0.9808,"","","","","","",""
"395","0e58482a51b3b69f09781c0446b11d57dc33cae8",1,"root","no rank",NA,"","","","","","",""
"396","e0ff9c71cdf901a953c51512550273287b21d928",33213,"Bilateria","no rank",1,"Metazoa","","","","","",""
"397","5ae20f06d29bbc85661fdeb6011a7cd303c0f260",2759,"Eukaryota","superkingdom",0.8637,"","","","","","",""
"398","b1234522f7bd7e0f6a4ed90b04acbecdce5c855f",2759,"Eukaryota","superkingdom",1,"","","","","","",""
"399","3fb2f32c698d2679e5e848d2dbcf07b726f9c09d",2759,"Eukaryota","superkingdom",1,"","","","","","",""
"400","0171b63e5157c185f9b688687ce81145cc03f538",2759,"Eukaryota","superkingdom",1,"","","","","","",""
"401","e3ce68d742e365c927169a2ed4acaa2adcb8e52b",2759,"Eukaryota","superkingdom",0.9999,"","","","","","",""
"402","a8aa295e98a81316c87643247fc6ec4853d39a73",1,"root","no rank",1,"","","","","","",""
"403","333262cb675e47fc7e4acdd3acd442b7da651bad",1,"root","no rank",NA,"","","","","","",""
"404","e947f3948e5d95eaa640e5440c4700b675363bd0",1,"root","no rank",NA,"","","","","","",""
"405","6a483130125100fe66a70ec2a73d9e47041d7af8",1,"root","no rank",NA,"","","","","","",""
"406","86c30001a2673ad7f7f96255684cd4d9bd752fcb",2759,"Eukaryota","superkingdom",1,"","","","","","",""
"407","99414c13b2d33d7db3c387dd1b1e6da9cd021270",2759,"Eukaryota","superkingdom",1,"","","","","","",""
"408","1b1ccf2f9d40ccf026ff37c269a85e747b93b3cc",2759,"Eukaryota","superkingdom",0.9993,"","","","","","",""
"409","5984e6b5c505349bedf06ec0839a2f498e36961a",2759,"Eukaryota","superkingdom",1,"","","","","","",""
"410","479ba0c7228d7bb55e693b5d7aea0b1478cd8535",33154,"Opisthokonta","no rank",0.9976,"","","","","","",""
"411","93dc968ef727b7b055c98e193eefd669289c3fad",1,"root","no rank",1,"","","","","","",""
"412","ec14f81c418cffa1f413857927edde4782c329e7",1,"root","no rank",NA,"","","","","","",""
"413","bb48bcb772cad07b008d6f4d0b28aac4f4728a90",2759,"Eukaryota","superkingdom",0.9996,"","","","","","",""
"414","a3cd0ef995200170a3b20642f746e06e1b311e78",33213,"Bilateria","no rank",1,"Metazoa","","","","","",""
"415","c8fa9d4366cabbed1b27b056e45a6e3ecb28e7e3",244176,"Meloidogyne naasi","species",NA,"Metazoa","Nematoda","Chromadorea","Rhabditida","Meloidogynidae","Meloidogyne","Meloidogyne naasi"
"416","83fc0b202497ec1e3bb8e168d002fddbbe0205ef",131567,"cellular organisms","no rank",1,"","","","","","",""
"417","366d998557d717ad063bd52d3496bcbd983da58a",2759,"Eukaryota","superkingdom",1,"","","","","","",""
"418","45f8085af5a237eaeb1e8b68acca24633a76aeeb",33213,"Bilateria","no rank",1,"Metazoa","","","","","",""
"419","96296c59e10bc54811f702364c9d551cb986815c",2759,"Eukaryota","superkingdom",1,"","","","","","",""
"420","7c5f56e57a518280d4865ab1308cb5fa395c9aa7",2759,"Eukaryota","superkingdom",0.9728,"","","","","","",""
"421","07e72b4ffb000eb66034dbb6a5230eee6483c4d0",33317,"Protostomia","no rank",1,"Metazoa","","","","","",""
"422","880d127918f363f6504a61546d1878a2b21b12d0",2759,"Eukaryota","superkingdom",1,"","","","","","",""
"423","693b3c3386dc9cd7dae5b874f37c4c62d8b9c49a",2759,"Eukaryota","superkingdom",1,"","","","","","",""
"424","53b018ebdaf60d926838e92b2d259271b4330c47",2759,"Eukaryota","superkingdom",1,"","","","","","",""
"425","9bb7bfe62189acd2fc7a82fa238f06e8ea3fe1b5",1,"root","no rank",NA,"","","","","","",""
"426","560a737faee92f7007806315538da23482b5423a",1,"root","no rank",1,"","","","","","",""
"427","790f008d542fc4ed362e9281935cc5136843c73b",1,"root","no rank",1,"","","","","","",""
"428","fde92eb232d67a17761bb35fe7a32632108d4b3e",1,"root","no rank",NA,"","","","","","",""
"429","b206ebf4d9297c4bedc88d384d6c4700f85009ee",1,"root","no rank",NA,"","","","","","",""
"430","adbf43e0b0d9b544282f4a96b0a349619e3c7d45",1,"root","no rank",NA,"","","","","","",""
"431","b4bf7abbbe1d81c16fee77ad3dee6514d07f79c6",1,"root","no rank",NA,"","","","","","",""
"432","6377bb987dab1be9f8e909e80f3ca90c9a382d30",33213,"Bilateria","no rank",0.9981,"Metazoa","","","","","",""
"433","7530f86ed48e0e25f1fdf492696cec124dc9861e",33154,"Opisthokonta","no rank",1,"","","","","","",""
"434","b17bc15b43df749b89426494c3cae5b60c394a27",33154,"Opisthokonta","no rank",0.9827,"","","","","","",""
"435","2d2274fa5e629b9099ef8150b2aa572a55b76f9d",33208,"Metazoa","kingdom",1,"Metazoa","","","","","",""
"436","d294b5bc92a43e26fc4f6b9a909b8355cce21b46",2759,"Eukaryota","superkingdom",0.999,"","","","","","",""
"437","236e2a24a4fda9b855c011f1c9330e0b8c2aa742",2836,"Bacillariophyta","phylum",0.9995,"","Bacillariophyta","","","","",""
"438","bada4a59de5c8df481b2e3c599359f80e431a5a2",2759,"Eukaryota","superkingdom",0.8661,"","","","","","",""
"439","5df5cb6bccb3fd7c2078c9fbaa054dfa2033ad2a",3042,"Chlamydomonadales","order",0.9528,"Viridiplantae","Chlorophyta","Chlorophyceae","Chlamydomonadales","","",""
"440","7f35f4395870cbf9286314ebea3e57873efebf4d",1,"root","no rank",NA,"","","","","","",""
"441","6d7ce1e51d0f67b697b4b92fb0143dc0f65b33e4",2836,"Bacillariophyta","phylum",0.9972,"","Bacillariophyta","","","","",""
"442","cf39a856c663fb52b1f15e10468799d86451638d",1,"root","no rank",1,"","","","","","",""
"443","1a4a5f60b6e767e6c1290695c2bc871b72613e59",1,"root","no rank",1,"","","","","","",""
"444","679a24fdcf9bf278bdd636a8f4949e1bab70721d",33154,"Opisthokonta","no rank",0.9706,"","","","","","",""
"445","099c59b0099613ccc40ecf58755b994213be2d5a",2759,"Eukaryota","superkingdom",1,"","","","","","",""
"446","082708b07b6dd000db82ef10ed75b66f8340f972",2759,"Eukaryota","superkingdom",1,"","","","","","",""
"447","61dab2aecf7a98c82402e59fcbc02d7bd45ceee9",1,"root","no rank",NA,"","","","","","",""
"448","e88de7692c3e89e129aaf092e6715e4262fcb46b",74726,"Chaetogaster","genus",1,"Metazoa","Annelida","Clitellata","Haplotaxida","Naididae","Chaetogaster",""
"449","dda9126cb8da823629c56048f1c15162095c1256",2759,"Eukaryota","superkingdom",1,"","","","","","",""
"450","f3c4dd23608a541883210aba27756c0f6a4d9083",2759,"Eukaryota","superkingdom",1,"","","","","","",""
"451","db5404f395c46b97c6bdd04d46c214ae5152e0da",2759,"Eukaryota","superkingdom",0.9996,"","","","","","",""
"452","55aa75ed9c34110db9f6858723754757a2da11fb",1,"root","no rank",NA,"","","","","","",""
"453","b5b618a8871eedd5f2e6b60be58fe68162af8d9f",1,"root","no rank",NA,"","","","","","",""
"454","7db11b4d2a10919a54ea2e3519d51a468b25fbde",2759,"Eukaryota","superkingdom",0.9899,"","","","","","",""
"455","e8f48f834a4f7d631cd70989ac82a98cd27a8c2f",2759,"Eukaryota","superkingdom",1,"","","","","","",""
"456","7ea0fc0a4debfbeb5fddf7b610464b08092d5348",1,"root","no rank",1,"","","","","","",""
"457","21e21c279f9feb2babeb06c1f5730c93103611bd",1,"root","no rank",1,"","","","","","",""
"458","1708c82c80ef35635ff6fdd7493ef309ab4c2efa",1,"root","no rank",NA,"","","","","","",""
"459","153ec46b6a0df2ab939a7ab658109bf674465690",1,"root","no rank",NA,"","","","","","",""
"460","92a12e355a1bb9870beb55df87cd7bd4d17394ec",131567,"cellular organisms","no rank",1,"","","","","","",""
"461","4629dbcade74a7c9560481fad605fc87e620531d",2759,"Eukaryota","superkingdom",0.9773,"","","","","","",""
"462","da0909814079651e7f0ee140a717b8baef13d995",1,"root","no rank",NA,"","","","","","",""
"463","b6bc512efb31e2220940003245508e191dfb7537",2759,"Eukaryota","superkingdom",1,"","","","","","",""
"464","87846694d43f106a585c3cdd002e45f0732774a5",33154,"Opisthokonta","no rank",1,"","","","","","",""
"465","59de87806f5622b6ef3aaa427d5c82628c7ab29b",1,"root","no rank",1,"","","","","","",""
"466","934a42034f3cda33979447ba9dbaad24157318f2",131567,"cellular organisms","no rank",1,"","","","","","",""
"467","8d89a5e18ced396685e9525ff1a3969078fddae2",2759,"Eukaryota","superkingdom",1,"","","","","","",""
"468","bbdc80963608c5316b08c88bbea66c5323cf6042",2759,"Eukaryota","superkingdom",1,"","","","","","",""
"469","0bc4e56f3a7661fbc3a10a9fcf53aa01529bf8d3",2759,"Eukaryota","superkingdom",1,"","","","","","",""
"470","14876d305c5abc38e09e4f70108428d8314cc6e8",33154,"Opisthokonta","no rank",0.9186,"","","","","","",""
"471","eaa077d02d39e78d2725bfd3a32c9c997f87360a",2759,"Eukaryota","superkingdom",1,"","","","","","",""
"472","a29ef86e61c90539e3615ed0c66471239e3cc494",2759,"Eukaryota","superkingdom",0.9981,"","","","","","",""
"473","2dedb24e69d0a1a592c8a11fb01a059b427a769f",131567,"cellular organisms","no rank",1,"","","","","","",""
"474","3b1e66c4c8e309d485d5211f1caaf65f7d0e4d11",2759,"Eukaryota","superkingdom",1,"","","","","","",""
"475","acadb7664c26653d2401ea3d1d174cf50608f100",2759,"Eukaryota","superkingdom",1,"","","","","","",""
"476","6a4166891a6e3d0281f720128982ed1aa1c2f806",33154,"Opisthokonta","no rank",1,"","","","","","",""
"477","867c3859fd4683dea26ad059374a4c8b126ce245",2759,"Eukaryota","superkingdom",1,"","","","","","",""
"478","aa5d1053b92c45a576a0492e627874df749c02d8",2759,"Eukaryota","superkingdom",1,"","","","","","",""
"479","1dd848a9ca9a82ceec4746f97196acdd73933b7b",1,"root","no rank",NA,"","","","","","",""
"480","290c2bb568e603754409c866dfa102da58c20169",1,"root","no rank",1,"","","","","","",""
"481","1ff876cd660687fcca3abb35ad3c4157e594a73c",1,"root","no rank",1,"","","","","","",""
"482","817e2bc0383f18912a1712214e10deaf0704edae",1,"root","no rank",1,"","","","","","",""
"483","32b7b4d4ecd6525abe4d78af5cbc64564cd483bb",2759,"Eukaryota","superkingdom",0.9998,"","","","","","",""
"484","92766c561acca6a1e6cb1eed4fe26d4ee26fcd43",2759,"Eukaryota","superkingdom",0.9948,"","","","","","",""
"485","0bd2b766bf8fdfe5d5089a389cd02f122c1affae",2836,"Bacillariophyta","phylum",1,"","Bacillariophyta","","","","",""
"486","5a520ddfee2359fce21386bad481677fcb34bfc8",33154,"Opisthokonta","no rank",1,"","","","","","",""
"487","066f20b2cd9601f687738dec9c2d7ba2cc9c040c",2759,"Eukaryota","superkingdom",0.9934,"","","","","","",""
"488","49c78fa21a461a4d8a5ceafc3e43a34e83073bda",1,"root","no rank",1,"","","","","","",""
"489","5c34fda69e0d58c586cd286b2d67775b1b272202",1,"root","no rank",1,"","","","","","",""
"490","deefe213fce4fb17c45cea994cb0b909cdc33b62",1,"root","no rank",NA,"","","","","","",""
"491","6a9b362dd6079c4fd0736853d1b1faf26b097ac1",2759,"Eukaryota","superkingdom",1,"","","","","","",""
"492","7bab27ded652024f7747056973a578cc382a54ba",1,"root","no rank",NA,"","","","","","",""
"493","7c796d0ccb766b8766d9b8ad521ab6fe1a8cecd5",1,"root","no rank",NA,"","","","","","",""
"494","52704d6f32cf7bd3722a3532f2989c749bb0b5d6",2759,"Eukaryota","superkingdom",1,"","","","","","",""
"495","a7614335d4cfced4f26c86c6b9360e52ef8f7ba4",2759,"Eukaryota","superkingdom",1,"","","","","","",""
"496","1dd4076659046ab3a532293171f287801e8ae77e",2759,"Eukaryota","superkingdom",1,"","","","","","",""
"497","abca3f39099fb231eab5d065d48a320bee1491e0",2759,"Eukaryota","superkingdom",1,"","","","","","",""
"498","794fbb1f628030ee07088680c843e46dd827a0cc",4797,"Pythium","genus",1,"","","Oomycetes","Pythiales","Pythiaceae","Pythium",""
"499","ae6deec9f15cb42dda0eb6e60f5f5fbf1a6473e3",2759,"Eukaryota","superkingdom",1,"","","","","","",""
"500","c7327aec0fd59afd522d179f75fa379d52db4358",6087,"Hydra vulgaris","species",NA,"Metazoa","Cnidaria","Hydrozoa","Anthoathecata","Hydridae","Hydra","Hydra vulgaris"
"501","d57bd4442b39e71148c76b344af1c7efa94fc3d3",2759,"Eukaryota","superkingdom",1,"","","","","","",""
"502","ed98f590149b0d3db447c9cc9373e72e262a979e",2759,"Eukaryota","superkingdom",0.9742,"","","","","","",""
"503","fb2ba3f9eb21b4bb8f31b1a89e3fdd9f76278620",1,"root","no rank",1,"","","","","","",""
"504","770aa98bec3f73280ae207481264b004a1c5337e",1,"root","no rank",1,"","","","","","",""
"505","23698ebb486af0f8aa7a418e931e75c105af23c6",1,"root","no rank",1,"","","","","","",""
"506","90c1373824478fc5370e773628d5842986529f5e",1,"root","no rank",NA,"","","","","","",""
"507","d3b0b7ecc416c12c204c1142a81b737275b0607f",1,"root","no rank",NA,"","","","","","",""
"508","fc1a4ab499a52452273113cb0b3b46504dd80d45",1,"root","no rank",NA,"","","","","","",""
"509","5981c07ca176223525ef2b8f2b340ae485969950",1,"root","no rank",NA,"","","","","","",""
"510","9e0734d191d81bc27cb66eddf0085632d7048547",1,"root","no rank",1,"","","","","","",""
"511","41e9103cb3140dcb0854c76805d1fc2eb22d1295",1,"root","no rank",1,"","","","","","",""
"512","fd1b2b4189b6c74c9972bf8a394c1ade150f0df1",33154,"Opisthokonta","no rank",1,"","","","","","",""
"513","875373ca114acb573defc2ca1a75af92ead5389a",33154,"Opisthokonta","no rank",0.9949,"","","","","","",""
"514","7cbd3ba5fd72aa346cac6a1ef3571db8c66773dc",2759,"Eukaryota","superkingdom",1,"","","","","","",""
"515","f5fbf6431d6635e19be3b98beb7585b1d6f1a591",1,"root","no rank",1,"","","","","","",""
"516","48c398ed8ed20d57189f164483a9e0cd4f0b8903",4762,"Oomycetes","class",1,"","","Oomycetes","","","",""
"517","2b934058979bef59b6922ef7617b390051b42bcb",2759,"Eukaryota","superkingdom",0.9139,"","","","","","",""
"518","b2eb7a0c4c9872fc48de6c09346cd3f72a8d77cf",131567,"cellular organisms","no rank",1,"","","","","","",""
"519","a1ff4198a5ba00678bc5243caa9d5c2b7f45525e",58024,"Spermatophyta","no rank",0.9988,"Viridiplantae","Streptophyta","","","","",""
"520","dc71840fe9ce02469e535e1ee99bc77e42c153a9",2759,"Eukaryota","superkingdom",0.9996,"","","","","","",""
"521","fd5e77583b7ff2ac3ee831c1f4801a4dede93ba3",2759,"Eukaryota","superkingdom",0.998,"","","","","","",""
"522","5aa05d0b066340a5ac56c5c63e636094020cad7b",2759,"Eukaryota","superkingdom",0.9997,"","","","","","",""
"523","13453af676bf2cc5552dc84f969807bf16137025",2759,"Eukaryota","superkingdom",1,"","","","","","",""
"524","c8fc135fbe22c8b281475f11b9dd7a3e2664dd4f",2759,"Eukaryota","superkingdom",1,"","","","","","",""
"525","593e2316e0c5ebb5e7122370c90c7d0f27df561c",2759,"Eukaryota","superkingdom",0.9991,"","","","","","",""
"526","4a498f742896a1a8caf266d6bb47f9278193778a",2759,"Eukaryota","superkingdom",1,"","","","","","",""
"527","6789a5161dbb3d99c929e83447d7b252a79e5937",131567,"cellular organisms","no rank",1,"","","","","","",""
"528","f3484de543a43643b81db1f3f6d16556d27871c5",2759,"Eukaryota","superkingdom",1,"","","","","","",""
"529","219e50d43a692bb93aa45189e6e6fb57f7d95d71",2759,"Eukaryota","superkingdom",0.9998,"","","","","","",""
"530","03f190d09360cd9ccfca0dcb82849f4a4a256783",2759,"Eukaryota","superkingdom",1,"","","","","","",""
"531","1f0b0c96315eb98323674af9f4f6ef1d7f05e3c8",1,"root","no rank",1,"","","","","","",""
"532","87b3b057b955ca5f36ef6788431bdd78b045fcbb",1,"root","no rank",1,"","","","","","",""
"533","e079b8f1ad1952acc88110f745a7bcecdfe45d98",1,"root","no rank",NA,"","","","","","",""
"534","353b0a5e1848730e357529b5c3c23e7820b33c97",2759,"Eukaryota","superkingdom",0.9483,"","","","","","",""
"535","faf9faf45cb8b38aae3c552a30f2fb80ce61d5d9",2759,"Eukaryota","superkingdom",1,"","","","","","",""
"536","00f9238695a0bb7aa78030220c960539a5f1f472",4762,"Oomycetes","class",1,"","","Oomycetes","","","",""
"537","6702e980a4de3f2c74d7218f67f751ccabd61c80",2759,"Eukaryota","superkingdom",0.9914,"","","","","","",""
"538","67a46c310664dda91bb4f611c8fba407c24272ee",2759,"Eukaryota","superkingdom",1,"","","","","","",""
"539","cd2c5d29cbd71ce6dbca74ff3ed37cbeecbf5b17",1,"root","no rank",NA,"","","","","","",""
"540","e9ab92970d5002e6945d01f58e6e72a1b7d0f6a3",33154,"Opisthokonta","no rank",1,"","","","","","",""
"541","d843634f7d60fc3907bd6749e302c415da6ffbaa",3042,"Chlamydomonadales","order",0.9528,"Viridiplantae","Chlorophyta","Chlorophyceae","Chlamydomonadales","","",""
"542","5b860496170f271c1e40bfc78c3abaa599989e2a",2759,"Eukaryota","superkingdom",1,"","","","","","",""
"543","4519db31ef6c4d0ee1b9273414c69308b30a7a6d",2759,"Eukaryota","superkingdom",1,"","","","","","",""
"544","575ea6fd5d3293ebe24236ac26304b0796f18f94",2759,"Eukaryota","superkingdom",1,"","","","","","",""
"545","19725f85d737a28b29c8d4c4b656dea4a0df1675",2836,"Bacillariophyta","phylum",1,"","Bacillariophyta","","","","",""
"546","c81e3b80c3649d64a81de544a4c2ab49a9432435",2759,"Eukaryota","superkingdom",1,"","","","","","",""
"547","77c13d1be74f596e83219247705c5d78d3fa9921",2759,"Eukaryota","superkingdom",1,"","","","","","",""
"548","63f11e599a95bc8cf509d75f6fcc9ea9b0b044b3",4762,"Oomycetes","class",1,"","","Oomycetes","","","",""
"549","546ff1426ab1a3ddabe26c7aaa0c4c49cb7d4d55",33213,"Bilateria","no rank",1,"Metazoa","","","","","",""
"550","68ca319022d2c37f35245b03b9ba495b9d264fd0",1,"root","no rank",NA,"","","","","","",""
"551","7bf4cec15d874cae06bdbd611e8af73046e0dfff",1,"root","no rank",1,"","","","","","",""
"552","d3c77008d3d71d3ad8453c897c2167e0509dc860",1,"root","no rank",NA,"","","","","","",""
"553","4ea9cabaf0cff3e1d39977e89fa1134a7242a8f0",1,"root","no rank",1,"","","","","","",""
"554","b91811ef9af62dd7c197b883c17c0b7081387a30",1,"root","no rank",1,"","","","","","",""
"555","81405f4815d72e105b76aa3b5c150a8024828623",1,"root","no rank",NA,"","","","","","",""
"556","fda4453bfb17d5060c98c08fd395d5fda6c5236f",1,"root","no rank",1,"","","","","","",""
"557","e06e250fbb1d10f5c4e534f9ff116f7384af6662",1,"root","no rank",1,"","","","","","",""
"558","a300a6d3c09a65507371bbd1e66bb624ce691fe5",1,"root","no rank",1,"","","","","","",""
"559","78f2c2466e41e6e017304fd4401379da08090efc",4762,"Oomycetes","class",1,"","","Oomycetes","","","",""
"560","7a49e0c2d8a4437b64d92ab0ee8ad8bb4004b82c",2759,"Eukaryota","superkingdom",1,"","","","","","",""
"561","49183b2fb405c737dfa4f55b085f60fb8c210d72",131567,"cellular organisms","no rank",1,"","","","","","",""
"562","40319b5d0aa257902bd46cab3de8ef87572e9768",2759,"Eukaryota","superkingdom",1,"","","","","","",""
"563","2e28b0a637cf24db41d6a925e9491a874304f13d",1,"root","no rank",1,"","","","","","",""
"564","340822545cffd380d6b28ce40cb0509c3dc0f0fb",33154,"Opisthokonta","no rank",1,"","","","","","",""
"565","d1084dcb9396ba742ed7dbbc63d4e83b22cf6be1",33208,"Metazoa","kingdom",1,"Metazoa","","","","","",""
"566","22b3b97c9800004e8aa57eeaa20f2a479128de86",4762,"Oomycetes","class",1,"","","Oomycetes","","","",""
"567","8fedd8910bb0d3630f32430ab5454897b6493fd7",2759,"Eukaryota","superkingdom",1,"","","","","","",""
"568","c948a557cfb0157d2a3be56ff2fe641195f0ecb9",2759,"Eukaryota","superkingdom",1,"","","","","","",""
"569","1c12e6dc5543e057816ca9995170351d1b85a0ff",121236,"Aquarana","subgenus",1,"Metazoa","Chordata","Amphibia","Anura","Ranidae","Rana",""
"570","ee09c741634acf6b340d44b9b022dc2c5615ab49",2759,"Eukaryota","superkingdom",1,"","","","","","",""
"571","6f111df6c71c36f0a0d65094fc935a40faa94497",2759,"Eukaryota","superkingdom",1,"","","","","","",""
"572","c1f72dc63619dbdd13d3742fc0d416b3a35d6b48",2759,"Eukaryota","superkingdom",1,"","","","","","",""
"573","6b5dc4ceedfd0473dcbab1bd97e97f93d44a5954",2759,"Eukaryota","superkingdom",1,"","","","","","",""
"574","55d292d29e5cfdc9ca6f1689f5d755f0e3c006a1",33154,"Opisthokonta","no rank",1,"","","","","","",""
"575","232291744758f2a84075b31656894abdec69bfe4",2759,"Eukaryota","superkingdom",0.9993,"","","","","","",""
"576","1b667ee57a8dc7577ce8e4b6a49e0f9ca920c1ab",2759,"Eukaryota","superkingdom",1,"","","","","","",""
"577","b8b5f291164062ea82cd5cd77459f510dd5ef80f",2759,"Eukaryota","superkingdom",1,"","","","","","",""
"578","c79930e111b52a7dda5d22532dd60076f287c148",6072,"Eumetazoa","no rank",0.9701,"Metazoa","","","","","",""
"579","54ea11349538bc4d58a60cd320f08fa6bd6dad84",2759,"Eukaryota","superkingdom",1,"","","","","","",""
"580","de5f85e4eec4e914afc8f777571ab01a83ffcb44",4762,"Oomycetes","class",1,"","","Oomycetes","","","",""
"581","c41d5a27368602a52963f14676ecba6f200601d5",2759,"Eukaryota","superkingdom",1,"","","","","","",""
"582","9b1cc7b970a7156012506d4a8e1fadefbf8c5e83",2759,"Eukaryota","superkingdom",0.9997,"","","","","","",""
"583","4c4cac691c2954b79dc310549b1a8f222288a852",33634,"Stramenopiles","no rank",1,"","","","","","",""
"584","787abcf45dadcdba42c4498ab9cba8345d00ede4",1,"root","no rank",1,"","","","","","",""
"585","3ca61973546342a13536289c6b7edc729efa755a",1,"root","no rank",1,"","","","","","",""
"586","d490857020e937e3bc975de1783b5013699705df",1,"root","no rank",1,"","","","","","",""
"587","c1e98bae6d100a3ef7fd4ae0bfac21b86949defc",1,"root","no rank",1,"","","","","","",""
"588","7fdca661f619d4ad3a31744611f010b29a6f7a4b",1,"root","no rank",1,"","","","","","",""
"589","24faa77cfda63b87d9504a15b8a94c18ce60475d",1,"root","no rank",NA,"","","","","","",""
"590","e1e01d7566fd102e2d6278723aafcfc15fe413e4",2759,"Eukaryota","superkingdom",1,"","","","","","",""
"591","03cdc57cbb402327b0f767ae7be019a3dd9a3ce9",2759,"Eukaryota","superkingdom",1,"","","","","","",""
"592","9c315b0a666701220c7588a67f96560945969355",2759,"Eukaryota","superkingdom",0.9997,"","","","","","",""
"593","75ae756d52e9774a98410af4f0b015eeb2cb75c1",2759,"Eukaryota","superkingdom",1,"","","","","","",""
"594","1ae7661c612f748fe439eaee1d0f4b935bf2dde9",33154,"Opisthokonta","no rank",1,"","","","","","",""
"595","a095b5c03f81111bbbab3515f548958c2bb49f84",2759,"Eukaryota","superkingdom",1,"","","","","","",""
"596","4098309a18f83f0d882b6cbcab83202789f5d3fc",1,"root","no rank",1,"","","","","","",""
"597","6f3e907257c789fce069dab7f612797d851ccdec",1,"root","no rank",1,"","","","","","",""
"598","c10a5c83985fb138a0e905035deeb0e8b8a60e54",33154,"Opisthokonta","no rank",1,"","","","","","",""
"599","71d4eba7e0a786ee28706e553ebe8c5bb52625ae",131567,"cellular organisms","no rank",1,"","","","","","",""
"600","0d368b333535cba93de009b7fc894861f132732e",2759,"Eukaryota","superkingdom",1,"","","","","","",""
"601","9df5a08e55578abd7951a98f4397541774e4fc41",2759,"Eukaryota","superkingdom",1,"","","","","","",""
"602","69679c18ef82b018a9ca3c5a1dcbf0bdd29dfe67",33154,"Opisthokonta","no rank",1,"","","","","","",""
"603","aaffc41ad988dd26c05c48ff3900e6f3ddab6cfc",2759,"Eukaryota","superkingdom",0.9998,"","","","","","",""
"604","39060fe5f2722ea47858b614ff4e28e608207613",2759,"Eukaryota","superkingdom",1,"","","","","","",""
"605","73025e07f4149c191dfd1976ae879c04a56ec762",2836,"Bacillariophyta","phylum",0.9989,"","Bacillariophyta","","","","",""
"606","dfcc34c1d91333a27f9fccc597539b05c28e238b",2759,"Eukaryota","superkingdom",1,"","","","","","",""
"607","e46975dc1f8b1104e56cab0bf9d1b3affd12015c",2759,"Eukaryota","superkingdom",1,"","","","","","",""
"608","0bed4b8a9ed871ac892686069310a4e51ed1aacd",1,"root","no rank",NA,"","","","","","",""
"609","af3a4fb6aed7226bb3cef1aa545bec9dddb568c1",2759,"Eukaryota","superkingdom",0.8182,"","","","","","",""
"610","c5c9b9fc3e68c93aecb4fc56b0102b1b8242e6ad",33154,"Opisthokonta","no rank",1,"","","","","","",""
"611","177d83646a7828662004a6d42b7b1828937a58d1",2759,"Eukaryota","superkingdom",1,"","","","","","",""
"612","2341f17801146bb48e436152d6a64fe87dfe208e",2759,"Eukaryota","superkingdom",0.9321,"","","","","","",""
"613","7f7324e148731f488429a6250358fa3d85743822",2759,"Eukaryota","superkingdom",1,"","","","","","",""
"614","752d91791d28afd5c7caf7b1da24586a5feaf92b",2759,"Eukaryota","superkingdom",0.9298,"","","","","","",""
"615","3666a48d1c64096f9a257b9ba7e044eb0f009acf",2759,"Eukaryota","superkingdom",1,"","","","","","",""
"616","7be22a270ba9e512da0f288079817332a189ceea",1,"root","no rank",1,"","","","","","",""
"617","2230923115fb7f8f24e167927fe8f295b33f647b",1,"root","no rank",1,"","","","","","",""
"618","937d7412c36ca3fc5b1e27e9df4a072f164182e4",1,"root","no rank",NA,"","","","","","",""
"619","bf67fd6956c67af7edaf8540ebc6929626493e9f",1,"root","no rank",NA,"","","","","","",""
"620","61dc7651d5dfae1daff7bcdb86128f26120ce60c",1,"root","no rank",1,"","","","","","",""
"621","d560f8f5b7d6519789019aecaec2ac5cf14dd0c3",1,"root","no rank",1,"","","","","","",""
"622","d84b9df5d26bce7c0dd9aa1c03f88dfdc532a1c2",1,"root","no rank",1,"","","","","","",""
"623","52a7af2c08e79318214f7a667d05e1310f3dfbee",2759,"Eukaryota","superkingdom",1,"","","","","","",""
"624","7fd87928796e274beaeb47ad9f8721023a10e5f4",2759,"Eukaryota","superkingdom",1,"","","","","","",""
"625","c54c00abf76b14d920575d47d9f5db6a6ea6d196",2759,"Eukaryota","superkingdom",1,"","","","","","",""
"626","f5a0692702dd43335761c442778e1dd1c0867e15",2759,"Eukaryota","superkingdom",1,"","","","","","",""
"627","7aec7b16fdf938c00b0678d16a0d6ad4648b5f03",2759,"Eukaryota","superkingdom",0.9996,"","","","","","",""
"628","a9cc3d024990843b964f2947720a61c9f1a08f9c",6072,"Eumetazoa","no rank",1,"Metazoa","","","","","",""
"629","e1929bd1a03316623fb918f1780f8b0979874f27",2759,"Eukaryota","superkingdom",0.9336,"","","","","","",""
"630","4374dd888736de25bcf00608c0f6c5754de7e4c9",33154,"Opisthokonta","no rank",1,"","","","","","",""
"631","a107909c2b6d89476a9a78f66b3c6848cee58e25",2759,"Eukaryota","superkingdom",0.9988,"","","","","","",""
"632","3c413d0f129706d9ae50b9223c7328c93eb54c14",33154,"Opisthokonta","no rank",1,"","","","","","",""
"633","f99fdf7deea1eb1ebb5d3304e2cc4cac66b6b6fe",1,"root","no rank",1,"","","","","","",""
"634","c9612a0bcd6627fd48e677b1614c6d5c5bd3fa00",1,"root","no rank",1,"","","","","","",""
"635","d6d2c2656cc122f8012bbcead6fde6db9b72ff88",2759,"Eukaryota","superkingdom",1,"","","","","","",""
"636","57cf077dd2981c70711c4c3a0411a8155ae36ad5",33208,"Metazoa","kingdom",1,"Metazoa","","","","","",""
"637","d2766d6dbae43b3f507c509b6984713f9dd87323",2759,"Eukaryota","superkingdom",1,"","","","","","",""
"638","ad59e2240e4159255d28b4cec47658b3aecd70a7",1,"root","no rank",NA,"","","","","","",""
"639","2ae0cacfbe4be53bc1c8310efd84d3150be46f83",2759,"Eukaryota","superkingdom",0.9999,"","","","","","",""
"640","6a3cec6860bfbb9f9a16251eae6a85f62f1b6a0c",2759,"Eukaryota","superkingdom",1,"","","","","","",""
"641","a71b30e48fe9043e392872103d55ff7fc792ee25",2759,"Eukaryota","superkingdom",0.9397,"","","","","","",""
"642","c84cb726e9641aa03687e6a9ac043cece96f948b",33208,"Metazoa","kingdom",1,"Metazoa","","","","","",""
"643","083055881f5352fb1c43e2b690b8d03c3b43d07b",2759,"Eukaryota","superkingdom",1,"","","","","","",""
"644","36b02ed8fcbd1fa8b0f81d7fbc1f88507f122814",2759,"Eukaryota","superkingdom",0.937,"","","","","","",""
"645","1746c5d6b4197faf1c193e62cff1b7eb5083ed21",2759,"Eukaryota","superkingdom",1,"","","","","","",""
"646","f8021852ae9cdca976b8d04c9f7e2e4e656631cb",131567,"cellular organisms","no rank",1,"","","","","","",""
"647","8a6d037313c0821859b2b71780ee76eef1ce3c3c",2759,"Eukaryota","superkingdom",0.999,"","","","","","",""
"648","b79490eec22907b628bba4702f83f69211fd849e",2759,"Eukaryota","superkingdom",1,"","","","","","",""
"649","e165218d3b0fd0c8b0592cc81ba51abf3fa42437",2759,"Eukaryota","superkingdom",1,"","","","","","",""
"650","1e14c754c998cf7b6c67f55352a9fc2fb5b2ae65",2759,"Eukaryota","superkingdom",1,"","","","","","",""
"651","60e7e5c5953ea52aed59b0580313d0b424382be8",2759,"Eukaryota","superkingdom",1,"","","","","","",""
"652","a3ce1eb75722ab6a7739135be421c0e9a20093c8",2759,"Eukaryota","superkingdom",1,"","","","","","",""
"653","807938dd9475d6ff5ecc22d1d00bb3353e4cb92d",131567,"cellular organisms","no rank",1,"","","","","","",""
"654","73c908b5d303c8e390570dd84bd64facf178017b",2759,"Eukaryota","superkingdom",0.9602,"","","","","","",""
"655","ca80632aecf521cdda4cbe69e577588ac32c1695",2759,"Eukaryota","superkingdom",1,"","","","","","",""
"656","ad9ec36683278d005ee442ce5dd028fc620be643",2759,"Eukaryota","superkingdom",1,"","","","","","",""
"657","61928264178eda218b0d15767dc3e5dd29edc289",2759,"Eukaryota","superkingdom",1,"","","","","","",""
"658","17eadf78ef3e938a38177e4c1649338849b37a38",2759,"Eukaryota","superkingdom",0.9769,"","","","","","",""
"659","5c41cf370c87761f4b563a8050d1bbcdfff25530",2759,"Eukaryota","superkingdom",0.9999,"","","","","","",""
"660","78e05809f9dd48e6745aea533cc74bdce69f4b47",2759,"Eukaryota","superkingdom",1,"","","","","","",""
"661","d2f3020ca43ac8c4e070c8faacb2c8ced3ab85b7",2759,"Eukaryota","superkingdom",1,"","","","","","",""
"662","ffdc608558af08764915a5e86199d6304bf0a679",2759,"Eukaryota","superkingdom",1,"","","","","","",""
"663","be25e4934eceb2d8379f88ebdf5e65214ae57ea2",2759,"Eukaryota","superkingdom",1,"","","","","","",""
"664","415fe9b03747cf8a6420f4e282fa6557d68df707",2759,"Eukaryota","superkingdom",0.9999,"","","","","","",""
"665","8b550caa762d24c3ded16d1dba7a97eb4b260144",2759,"Eukaryota","superkingdom",1,"","","","","","",""
"666","956554b650cc979969dabd069917806ab76ae356",2759,"Eukaryota","superkingdom",1,"","","","","","",""
"667","5ac1a7766a85e4b0c54e7216e07f9debd23613d1",2759,"Eukaryota","superkingdom",0.9924,"","","","","","",""
"668","a8091176569441dde52b35a874e805c80d380fa0",2759,"Eukaryota","superkingdom",1,"","","","","","",""
"669","4ad8a1ac73b9bd70e0610f3d1895edf12f6dcd7c",1,"root","no rank",1,"","","","","","",""
"670","f812a645b10144debe2225d7b56875527e091ebf",1,"root","no rank",1,"","","","","","",""
"671","f8cf324d1c31f0a0fa5b0fe00d4f1f1f1ba766f2",1,"root","no rank",1,"","","","","","",""
"672","b15fc0e1b7fbda6e8d42fd3130f67f0476455616",2759,"Eukaryota","superkingdom",1,"","","","","","",""
"673","a0e5f3bf75f619434e3922957089268eaaff59cd",2759,"Eukaryota","superkingdom",1,"","","","","","",""
"674","89f14ae31d7c43da1a7d5d1d6e11c41896f98693",2759,"Eukaryota","superkingdom",0.9256,"","","","","","",""
"675","295add7b8d7a338c12bcb572042fb7f0a35696f4",1,"root","no rank",NA,"","","","","","",""
"676","2797e82bf622d976534312a34c768b084a14f146",33154,"Opisthokonta","no rank",1,"","","","","","",""
"677","a89540e50a269d7f613934d38d84f13af5a3dab7",4762,"Oomycetes","class",1,"","","Oomycetes","","","",""
"678","8a2610a0c4e25e7cf8021832013371f44889d903",4762,"Oomycetes","class",1,"","","Oomycetes","","","",""
"679","1851619b2da853fb2f837e50c4e7c24e0773e6a1",2759,"Eukaryota","superkingdom",1,"","","","","","",""
"680","7dbe4f21fd532d268d66f5d9387c3b77d4de025b",2759,"Eukaryota","superkingdom",1,"","","","","","",""
"681","102a13128acfc7ddc38f1b9c1a509afb4eb49228",33154,"Opisthokonta","no rank",1,"","","","","","",""
"682","9e53d440e96edbca7c748255936670dbc39d45f9",2759,"Eukaryota","superkingdom",1,"","","","","","",""
"683","73d2b56731c3a1749b467265627d5f5e07077414",2759,"Eukaryota","superkingdom",1,"","","","","","",""
"684","f37950a146c2a720444aca2b29a468405a64e2d0",2759,"Eukaryota","superkingdom",0.9991,"","","","","","",""
"685","7b8e7ea37206f5a30bd358528c1e903635dcc06d",2759,"Eukaryota","superkingdom",0.9953,"","","","","","",""
"686","c8f75c007dc6cdd317e4d05c7b277777266c4b17",2759,"Eukaryota","superkingdom",1,"","","","","","",""
"687","576b36e1da772137afd9c199e5f8dad7fe4e88df",2759,"Eukaryota","superkingdom",1,"","","","","","",""
"688","7c907fc958062543b937479950faee23607bef62",2759,"Eukaryota","superkingdom",1,"","","","","","",""
"689","21678430914feaefd617ded4d20bcdb9f14a1b37",2759,"Eukaryota","superkingdom",1,"","","","","","",""
"690","2798d2fbd39a5f98edb04f99433aedd56be7be84",2759,"Eukaryota","superkingdom",0.9859,"","","","","","",""
"691","dd7e466671e81f6f464efb6af2e2778f9aa66ab8",2759,"Eukaryota","superkingdom",1,"","","","","","",""
"692","70c7af735474a29d7e236a722a42fbb6f74c454b",2759,"Eukaryota","superkingdom",1,"","","","","","",""
"693","53106c8444fe01832021d42f85608b52a9b90392",2759,"Eukaryota","superkingdom",0.9992,"","","","","","",""
"694","3b4a2ca8a99e30c7d67dabfb2dd910fde985cf11",2759,"Eukaryota","superkingdom",1,"","","","","","",""
"695","dc25a21a8e508844cff74e5f703a676cac9411ee",2759,"Eukaryota","superkingdom",0.996,"","","","","","",""
"696","4a536c996a36d2ea61aa3fbceb277e262228a1b9",6072,"Eumetazoa","no rank",1,"Metazoa","","","","","",""
"697","8cffbac0b482d7ac2748774a1e7538598b7cd8cb",2759,"Eukaryota","superkingdom",1,"","","","","","",""
"698","f6256dbeb1789bc0bef17ebffa8be4e2c8399a03",33208,"Metazoa","kingdom",1,"Metazoa","","","","","",""
"699","ccb51ab455a0a124bcf6b84a260de8e5e1d74cc7",2759,"Eukaryota","superkingdom",1,"","","","","","",""
"700","c7e8a7181599d7b953d71b2730183d3d0308d858",33154,"Opisthokonta","no rank",1,"","","","","","",""
"701","04f3348c9bc4daf469cd32223d480676d0f83a47",2759,"Eukaryota","superkingdom",1,"","","","","","",""
"702","4366faaf94c6fb44067097d6b74ca37a09fcc073",33154,"Opisthokonta","no rank",0.999,"","","","","","",""
"703","005a4ea092b94cdf9e8ba3bdc1c05452bb51851c",2759,"Eukaryota","superkingdom",1,"","","","","","",""
"704","ad28a3cba6ac287f5c000913766b8b4e72dfaadc",2759,"Eukaryota","superkingdom",1,"","","","","","",""
"705","0cb31798aa0691a57a2d5f6d7f025a0f59c11a2c",1,"root","no rank",1,"","","","","","",""
