"","taxID","taxon","rank","score","kingdom","phylum","class","order","family","genus","species"
"8ade38d6c1396cc32395e6773d53ae373734314c","  61384","Lynx rufus","species",NA,"Metazoa","Chordata","Mammalia","Carnivora","Felidae","Lynx","Lynx rufus"
"30742d31b3cc7a387b96133d0998ecee07c83597","   9347","Eutheria","clade","1.0000","Metazoa","Chordata","Mammalia","","","",""
"7aa929fd12fc38856e105d3092ae8752af4b44da","   9321","Osphranter rufus","species",NA,"Metazoa","Chordata","Mammalia","Diprotodontia","Macropodidae","Osphranter","Osphranter rufus"
"2108e3ae4bfad9cc5a6d1f18dc1de351b5b7ac3f"," 337687","Muroidea","clade","1.0000","Metazoa","Chordata","Mammalia","Rodentia","","",""
"e3bb86462242cc75b2d9159e96f588a2ca09a5d3","  10114","Rattus","genus",NA,"Metazoa","Chordata","Mammalia","Rodentia","Muridae","Rattus",""
"2888591f23daf76ef3ae53a7d4bd6ffe13361bb8","  39087","Arvicolinae","subfamily","1.0000","Metazoa","Chordata","Mammalia","Rodentia","Cricetidae","",""
"76918abfaa90d218d683fdbc4f8024dd430d7d91","  33213","Bilateria","clade","1.0000","Metazoa","","","","","",""
"4d599bf71d8ba588d94d18e520b7f12419c17cd6","   9605","Homo","genus",NA,"Metazoa","Chordata","Mammalia","Primates","Hominidae","Homo",""
"091608e9343c9f2c79ff64e3fcfbcdfbce8653bc","  69292","Gasterosteus","genus",NA,"Metazoa","Chordata","Actinopteri","Perciformes","Gasterosteidae","Gasterosteus",""
"334d14d4c60937f5fd35b2803afc9d66a7408620","   8295","Ambystoma","genus","0.9997","Metazoa","Chordata","Amphibia","Caudata","Ambystomatidae","Ambystoma",""
"ed5e7e50aa64ed93aa7bb93f60e0d0ec95dd2cab","   9823","Sus scrofa","species",NA,"Metazoa","Chordata","Mammalia","Artiodactyla","Suidae","Sus","Sus scrofa"
"cf62a26ab8c1b5312a68133cb90988e0b24ee387","   9612","Canis lupus","species",NA,"Metazoa","Chordata","Mammalia","Carnivora","Canidae","Canis","Canis lupus"
"052d18a1a6f40077add20bb33ad60dfadcfb86fb","   9605","Homo","genus",NA,"Metazoa","Chordata","Mammalia","Primates","Hominidae","Homo",""
"cb0cf229832374ff8f4ce89c20348a90da9c04e1","  90988","Pimephales promelas","species",NA,"Metazoa","Chordata","Actinopteri","Cypriniformes","Leuciscidae","Pimephales","Pimephales promelas"
"deaadc11b0189c975741718d011ab0f6897f6066","  10114","Rattus","genus",NA,"Metazoa","Chordata","Mammalia","Rodentia","Muridae","Rattus",""
"a2f2121e42c56aa5bd2b1fca2bd1b29869d2400a","2012981","Lampetra sp. CBM:ZF:17561","species",NA,"Metazoa","Chordata","Hyperoartia","Petromyzontiformes","Petromyzontidae","Lampetra","Lampetra sp. CBM:ZF:17561"
"8005d06b5717f047aac5d6ee7238b50bd1f9a895","   8867","Cygnus","genus",NA,"Metazoa","Chordata","Aves","Anseriformes","Anatidae","Cygnus",""
"1a50e3486cdc5423f8b831ff444cf54e91042554"," 126287","Didelphinae","subfamily","1.0000","Metazoa","Chordata","Mammalia","Didelphimorphia","Didelphidae","",""
"358d0def35bc8bcf2711011fb63f7fc511496cc5","1437010","Boreoeutheria","clade","0.9999","Metazoa","Chordata","Mammalia","","","",""
"f49ae8c6819abdfd33d13f2b07c6fcbbc25ee4f0"," 338152","Felinae","subfamily","1.0000","Metazoa","Chordata","Mammalia","Carnivora","Felidae","",""
"e3326d78fc42729ea464440aa62ec3ce02bd2829","   9347","Eutheria","clade","1.0000","Metazoa","Chordata","Mammalia","","","",""
"29c5193eb0e4e364b7127ff7590e8eb751d24740"," 504568","Salmoninae","subfamily",NA,"Metazoa","Chordata","Actinopteri","Salmoniformes","Salmonidae","",""
"d15e926efd8720231adb32a8b4e6e40608827676","  27778","Ameiurus nebulosus","species",NA,"Metazoa","Chordata","Actinopteri","Siluriformes","Ictaluridae","Ameiurus","Ameiurus nebulosus"
"ddf5d8f01c176ab003be35dd8935dab512bf36c1","   9347","Eutheria","clade","1.0000","Metazoa","Chordata","Mammalia","","","",""
"5d6a5f2116231e5e92600d866977dda093cd30bc"," 182674","Scapanus orarius","species",NA,"Metazoa","Chordata","Mammalia","Eulipotyphla","Talpidae","Scapanus","Scapanus orarius"
"9c74cccfad63e14dab310b1aa02d31aea92c2bfc","      1","root","no rank","1.0000","","","","","","",""
"1d9c79934127687c5695d31ec87c6e1a8762723d","   9979","Leporidae","family","1.0000","Metazoa","Chordata","Mammalia","Lagomorpha","Leporidae","",""
"418d5ed20b679f800b258f567825c92d012bc96e"," 175121","Passeroidea","superfamily","1.0000","Metazoa","Chordata","Aves","Passeriformes","","",""
"6f74ea5d6a7d9a8f2d3fc543c6652a3c85e75e3d","  38609","Diprotodontia","order","1.0000","Metazoa","Chordata","Mammalia","Diprotodontia","","",""
"07122a09e420f0d98cd3019bb7a8f3da9909e375"," 183663","Soricinae","subfamily","1.0000","Metazoa","Chordata","Mammalia","Eulipotyphla","Soricidae","",""
"e9641671a85dc5e33d0d65806d441032b1375e9b","   9605","Homo","genus",NA,"Metazoa","Chordata","Mammalia","Primates","Hominidae","Homo",""
"7bbeecf008775a49187717ad00b4df38eeda8bc9","  32523","Tetrapoda","clade","1.0000","Metazoa","Chordata","","","","",""
"00a087f7239da5d4c077535f394c6bc1868e04d3","   9935","Ovis","genus",NA,"Metazoa","Chordata","Mammalia","Artiodactyla","Bovidae","Ovis",""
"4c562c7a275414a00788a05c97abe672981ffcea","  39087","Arvicolinae","subfamily","1.0000","Metazoa","Chordata","Mammalia","Rodentia","Cricetidae","",""
"e9714c684e9beeaab137301ac612768962704198","   9685","Felis catus","species",NA,"Metazoa","Chordata","Mammalia","Carnivora","Felidae","Felis","Felis catus"
"814bd62cd7f0891ddea80fac0be25f86af95d790","  90988","Pimephales promelas","species",NA,"Metazoa","Chordata","Actinopteri","Cypriniformes","Leuciscidae","Pimephales","Pimephales promelas"
"5dbee979ecb7289c82f08bbf7ff5d91a3f8aae01","  30427","Haemorhous mexicanus","species",NA,"Metazoa","Chordata","Aves","Passeriformes","Fringillidae","Haemorhous","Haemorhous mexicanus"
"acb132e82e2ef43f8eac6c7e5dd85c551168b718"," 183663","Soricinae","subfamily","1.0000","Metazoa","Chordata","Mammalia","Eulipotyphla","Soricidae","",""
"d5f832529f6b73fadb1b9087af48bf9a8dc101c8","   8833","Aix sponsa","species",NA,"Metazoa","Chordata","Aves","Anseriformes","Anatidae","Aix","Aix sponsa"
"5a0c3363fdff5328d9329fe07af54c881ec0fbf2"," 452646","Neovison vison","species",NA,"Metazoa","Chordata","Mammalia","Carnivora","Mustelidae","Neovison","Neovison vison"
"34003d202896d714e2d0de9c455e66851d8f444b","      1","root","no rank","1.0000","","","","","","",""
"bbb3bcc890abbefe2371f7ee55542ef8cb9debc9","   9321","Osphranter rufus","species",NA,"Metazoa","Chordata","Mammalia","Diprotodontia","Macropodidae","Osphranter","Osphranter rufus"
"5a666e6ab10b8542143aa8e2949b7ffdac0a0629","   8295","Ambystoma","genus","1.0000","Metazoa","Chordata","Amphibia","Caudata","Ambystomatidae","Ambystoma",""
"ba5ee0e37ffaa50714824534518c6a35c07cc405","      1","root","no rank","1.0000","","","","","","",""
"73bd07c218ab7e4ae33a1653d793820dc5cbb2c4"," 126287","Didelphinae","subfamily","1.0000","Metazoa","Chordata","Mammalia","Didelphimorphia","Didelphidae","",""
"e949919da98e5306e2e0256d20339908ccb29c81"," 126287","Didelphinae","subfamily","1.0000","Metazoa","Chordata","Mammalia","Didelphimorphia","Didelphidae","",""
"02087cc593f40be8e3f3405e26b791009dca5131","      1","root","no rank","1.0000","","","","","","",""
"e38e779b032805db5aa7de7dc90149d3fce72e79"," 183663","Soricinae","subfamily","1.0000","Metazoa","Chordata","Mammalia","Eulipotyphla","Soricidae","",""
"ea62e2e47d7dd107663f724d398ad768284fd5fb","   9605","Homo","genus",NA,"Metazoa","Chordata","Mammalia","Primates","Hominidae","Homo",""
"3e20d1d38c970172540aa32f850086fcf5f7557e","   8295","Ambystoma","genus","1.0000","Metazoa","Chordata","Amphibia","Caudata","Ambystomatidae","Ambystoma",""
"5ec793e1fa5b1af03b12d12d1f83d8206437e32c"," 126287","Didelphinae","subfamily","1.0000","Metazoa","Chordata","Mammalia","Didelphimorphia","Didelphidae","",""
"a50124b9266a0eb0c87fe119cb9cefe63a948734"," 337963","Neotominae","subfamily","1.0000","Metazoa","Chordata","Mammalia","Rodentia","Cricetidae","",""
"21172a93ab34a2c825ff5680bbceecf51bcbf7f9","   9653","Procyon","genus","1.0000","Metazoa","Chordata","Mammalia","Carnivora","Procyonidae","Procyon",""
"a30751e65e129a25fec2bd1cf15ef62d33055581","      1","root","no rank","1.0000","","","","","","",""
"65e4bf7102a09e5b1694879066d96cc3eef5dc04","      1","root","no rank","1.0000","","","","","","",""
"6d469f1947b9e4d7559190172ec4b0a8376a79ff","      1","root","no rank","1.0000","","","","","","",""
"d4dc0b36a2f8841e168f6a8c88532702acf1c060","   8295","Ambystoma","genus","1.0000","Metazoa","Chordata","Amphibia","Caudata","Ambystomatidae","Ambystoma",""
"c727807b7ab66f859a5f5d3c25a99148e2db6249","   9605","Homo","genus",NA,"Metazoa","Chordata","Mammalia","Primates","Hominidae","Homo",""
"bd0035049d9540b3b4f593e82ad1c77adddd9921","   8830","Anatidae","family","0.9963","Metazoa","Chordata","Aves","Anseriformes","Anatidae","",""
"8b4c02e43471f8e756ef519737102f06235928ee","   9605","Homo","genus",NA,"Metazoa","Chordata","Mammalia","Primates","Hominidae","Homo",""
"8ad7b3ad6cac7dcf8cb45bc25832428c5b4176e8","      1","root","no rank","1.0000","","","","","","",""
"7ed525639c40b9418b4743e59f833fa5b3bdf355","2743731","Pogonichthyinae","subfamily","1.0000","Metazoa","Chordata","Actinopteri","Cypriniformes","Leuciscidae","",""
"587cb9c3b904a58bcc1e2c639295014da2fd3491","      1","root","no rank","1.0000","","","","","","",""
"a05528c413125215bde6d2205cba6d625e7228f9","   9347","Eutheria","clade","1.0000","Metazoa","Chordata","Mammalia","","","",""
"be1bd85cbedd796b3b70618ed8248f5c66768c49"," 504568","Salmoninae","subfamily","1.0000","Metazoa","Chordata","Actinopteri","Salmoniformes","Salmonidae","",""
"fb434d844c0eecd94ddb6cde96b0f0194c52c80a","      1","root","no rank","1.0000","","","","","","",""
"dffda0c508680b0231967ef13820102dce7464a4","      1","root","no rank","1.0000","","","","","","",""
"7ac490417f5aeaf9e327657f193c8fd6a03e2585","  51342","Aplodontia rufa","species",NA,"Metazoa","Chordata","Mammalia","Rodentia","Aplodontiidae","Aplodontia","Aplodontia rufa"
"371bb788f39032efb01ab1f76b1575fad5c2645b","      1","root","no rank","1.0000","","","","","","",""
"a1e9fcf50d7a6b6981a4ee396ec595ed81e24e0e"," 337687","Muroidea","clade","1.0000","Metazoa","Chordata","Mammalia","Rodentia","","",""
"da83c719cc06209b92f6b2c6a335a055a2db77cf","   9823","Sus scrofa","species",NA,"Metazoa","Chordata","Mammalia","Artiodactyla","Suidae","Sus","Sus scrofa"
"5681412e10d7afca74e29a9daffb93b31b243cf3","   9605","Homo","genus",NA,"Metazoa","Chordata","Mammalia","Primates","Hominidae","Homo",""
"ce7a47764ee679769ad968f12d87892e49866aa5","   9605","Homo","genus",NA,"Metazoa","Chordata","Mammalia","Primates","Hominidae","Homo",""
"104cd8b505413febe007af9b157d44c05f6316a0","   8830","Anatidae","family","0.9965","Metazoa","Chordata","Aves","Anseriformes","Anatidae","",""
"b691daf5f3e55296cbb67deae952dd7956d05afd","  33213","Bilateria","clade","1.0000","Metazoa","","","","","",""
"ebfdc0a153d719a21b03b26c5b220ea447328d42","   9347","Eutheria","clade","1.0000","Metazoa","Chordata","Mammalia","","","",""
"546af63a03c5af40cf0a12f1924d78fc85dce83f","      1","root","no rank","1.0000","","","","","","",""
"25509e3523a2f26c8747deecc4d1f7dad1958a69","   9605","Homo","genus",NA,"Metazoa","Chordata","Mammalia","Primates","Hominidae","Homo",""
"9e5a587b3445b4c5e7acbb8ed13e59411b6a8b27","  33213","Bilateria","clade","1.0000","Metazoa","","","","","",""
"861e251b9ae4c905fd2632bc83c749df7497cebf","   9605","Homo","genus",NA,"Metazoa","Chordata","Mammalia","Primates","Hominidae","Homo",""
"bfa2079293edd4c2929d2b4a350ff6c366c410b5","   8016","Oncorhynchus","genus",NA,"Metazoa","Chordata","Actinopteri","Salmoniformes","Salmonidae","Oncorhynchus",""
"5a7e5ebe5d3d6d76de3044040dccd1ab3d048894","  33213","Bilateria","clade","1.0000","Metazoa","","","","","",""
"26687294c098bffbb9a67cd3955ac0597b76e24a"," 126287","Didelphinae","subfamily","1.0000","Metazoa","Chordata","Mammalia","Didelphimorphia","Didelphidae","",""
"1253c453616d5428cb079ffadb26eacdaa44588c"," 337687","Muroidea","clade","1.0000","Metazoa","Chordata","Mammalia","Rodentia","","",""
"6109f20abd12924d6213ac59a12a3d1a97c9d2a1","   8825","Neognathae","infraclass","0.9996","Metazoa","Chordata","Aves","","","",""
"f22291c865eb42912074398723b531a835a454b8","      1","root","no rank","1.0000","","","","","","",""
"da9e0e932325b5ff43d40e8db4fe0463b692a42e","      1","root","no rank","1.0000","","","","","","",""
"21663eabd1aa3dc13e6e38aa1a0ffdcc326adfcd","      1","root","no rank","1.0000","","","","","","",""
"72a7f8663817f9ad988cb7648f85d33f98d258d7","  33213","Bilateria","clade","1.0000","Metazoa","","","","","",""
"2aabdc69f5f7834996039f4029fa03ecfe70ffc0","  33213","Bilateria","clade","1.0000","Metazoa","","","","","",""
"893e88001472fd457de68f23840a7cbde75d55ec","      1","root","no rank","1.0000","","","","","","",""
"4292b682bc1a9a6b48d2edf316f59e15002ad0b2","      1","root","no rank","1.0000","","","","","","",""
"c9516be4d121ad32689e40d423591f9b64472fdf","   8295","Ambystoma","genus","1.0000","Metazoa","Chordata","Amphibia","Caudata","Ambystomatidae","Ambystoma",""
"cf02c7ac513865d632d7fcda290bf109dbf1b8f5","   9347","Eutheria","clade","1.0000","Metazoa","Chordata","Mammalia","","","",""
"3bc4f1bac2e4baecd9b210ab909e63d766edcf19","  33213","Bilateria","clade","1.0000","Metazoa","","","","","",""
"eb1ac26b789ed4d841c376f862ae07b823e29c5a","   9605","Homo","genus",NA,"Metazoa","Chordata","Mammalia","Primates","Hominidae","Homo",""
"b383c5e469ed158aaa2d3e4bc67bc1fcd429bd00","      1","root","no rank","1.0000","","","","","","",""
"aa48da6f16ba1ecf8170dc684c45c1b2e3f34202","   9611","Canis","genus",NA,"Metazoa","Chordata","Mammalia","Carnivora","Canidae","Canis",""
"3f4244f5f9fad0d75922a1569d94ab3eb33f3c86"," 504568","Salmoninae","subfamily","1.0000","Metazoa","Chordata","Actinopteri","Salmoniformes","Salmonidae","",""
"e4991723a7f544f770553242fd5d674e4a33c729","   9347","Eutheria","clade","1.0000","Metazoa","Chordata","Mammalia","","","",""
"a5d81dc298620f0a9a50b3270f99d7484f08442d","   9605","Homo","genus",NA,"Metazoa","Chordata","Mammalia","Primates","Hominidae","Homo",""
"c8e5ee8a49f54b74ce04b8997ee0cc6d712b9be1","      1","root","no rank","1.0000","","","","","","",""
"fbeadb140258f18dade9e70598d602743fc657b4","      1","root","no rank","1.0000","","","","","","",""
"0504cfc515f4a0d74b228ae06b9355c3ca7b2c2a","   9605","Homo","genus",NA,"Metazoa","Chordata","Mammalia","Primates","Hominidae","Homo",""
"aa46fcfb578b8b261f9a62270d82c7f14c48a266","      1","root","no rank","1.0000","","","","","","",""
"34397eb220d63f02ddda5c10429d33c544e5592a","      1","root","no rank","1.0000","","","","","","",""
"308db18c6bf1525b24967bd6b8226a33664efb18"," 504568","Salmoninae","subfamily",NA,"Metazoa","Chordata","Actinopteri","Salmoniformes","Salmonidae","",""
"c5bddb380d8f4ef024f7d303420c06ce0fea6610","   9605","Homo","genus",NA,"Metazoa","Chordata","Mammalia","Primates","Hominidae","Homo",""
"9377feab85133bc552a1ac44e5d64529c03ee042","      1","root","no rank","1.0000","","","","","","",""
"53ef8d04c34a3b621ec03930bc093691db6632e2","   9681","Felidae","family","0.9922","Metazoa","Chordata","Mammalia","Carnivora","Felidae","",""
"c84e42605c03a126ea41adece7c6e0b077fcefff"," 337687","Muroidea","clade","1.0000","Metazoa","Chordata","Mammalia","Rodentia","","",""
"0801162c7ce06ed4f89326e144671b88806f5c78","   9605","Homo","genus",NA,"Metazoa","Chordata","Mammalia","Primates","Hominidae","Homo",""
"df5823fe2a8d10862daf8b3122776f35f7432a10","  69292","Gasterosteus","genus","0.9996","Metazoa","Chordata","Actinopteri","Perciformes","Gasterosteidae","Gasterosteus",""
"06926eea1b2d9942029cca28c8ad35d8e2afb1ae","      1","root","no rank","1.0000","","","","","","",""
"05088c6ce450cf7d1c3ea8b04379acdfaddad53c"," 126287","Didelphinae","subfamily","1.0000","Metazoa","Chordata","Mammalia","Didelphimorphia","Didelphidae","",""
"3374699ce2fe486122985b248e91a58e6eef868f","   9605","Homo","genus",NA,"Metazoa","Chordata","Mammalia","Primates","Hominidae","Homo",""
"858f4c2c3cd20bd167f1e495bfdc88b71aa217a9","  33213","Bilateria","clade","1.0000","Metazoa","","","","","",""
"9193f947976dea4c5f959ae35d321502bb5fadfc","      1","root","no rank","1.0000","","","","","","",""
"3fbf788f1c2636c3191deb6273665cb86db852d9","  33213","Bilateria","clade",NA,"Metazoa","","","","","",""
"98ce5a050808091ecd204576ba35ff7f9158e869","      1","root","no rank","1.0000","","","","","","",""
"7fbfe2c57d2acda04680a67874efb6d865db0a97","   9347","Eutheria","clade","1.0000","Metazoa","Chordata","Mammalia","","","",""
"ea3f03e6ca887f21b5ab45dedc298ac26587f3b0","   9605","Homo","genus",NA,"Metazoa","Chordata","Mammalia","Primates","Hominidae","Homo",""
"23c028aed3e55ece7d6dd3dfa4e93a0defff131b","   9126","Passeriformes","order",NA,"Metazoa","Chordata","Aves","Passeriformes","","",""
"ee10a57b8e892ee72bf167c0efd0a15ec40cd488","  33213","Bilateria","clade","1.0000","Metazoa","","","","","",""
"a94029641b54393c2e9ba00266a652c51d5f71c4","   9605","Homo","genus",NA,"Metazoa","Chordata","Mammalia","Primates","Hominidae","Homo",""
"0b19869fd0acbf15c5eaac9aca77104403ac0584"," 337963","Neotominae","subfamily","1.0000","Metazoa","Chordata","Mammalia","Rodentia","Cricetidae","",""
"01719166d24c6b718d79036a279a11fa88f786c7","   9605","Homo","genus",NA,"Metazoa","Chordata","Mammalia","Primates","Hominidae","Homo",""
"71892e2b7f0fd32f93e3686338fc51d1aa2a6a4a"," 183663","Soricinae","subfamily","1.0000","Metazoa","Chordata","Mammalia","Eulipotyphla","Soricidae","",""
"d44650aa63984723c4bb0aa0fec4e806e19d3f4b","  33213","Bilateria","clade",NA,"Metazoa","","","","","",""
"4139cc4fa1f13b573dab596d1cfa19518ddc246b","   9347","Eutheria","clade","1.0000","Metazoa","Chordata","Mammalia","","","",""
"f74cf42a45c5bf302e7b2233452e0cca0a14cbba","      1","root","no rank","1.0000","","","","","","",""
"6dd3a18523ac712ec3aa99d107f076ecabfed758","      1","root","no rank","1.0000","","","","","","",""
"4efe675016c464c3220dcb566fc715559a5c1f4e","   8830","Anatidae","family",NA,"Metazoa","Chordata","Aves","Anseriformes","Anatidae","",""
"29ccfd7300dc93ae980c866b3f1292c8022c2393","   9605","Homo","genus",NA,"Metazoa","Chordata","Mammalia","Primates","Hominidae","Homo",""
"07ca248643af0bbb7698819fde905aae6ac174c7","   9605","Homo","genus",NA,"Metazoa","Chordata","Mammalia","Primates","Hominidae","Homo",""
"8e910f61a2e693e25db5ffe985fea01b10d0d5f8","  33213","Bilateria","clade","1.0000","Metazoa","","","","","",""
"b95d5d14a373b1d97836a5552f9b214cab31fc0e","   9605","Homo","genus",NA,"Metazoa","Chordata","Mammalia","Primates","Hominidae","Homo",""
"ac34a352a5d7b37c85722b4e5597d00db11c5f06","   9347","Eutheria","clade","1.0000","Metazoa","Chordata","Mammalia","","","",""
"1abdc323713cadfc3f7b8158b4138a27639d90a4","   9605","Homo","genus",NA,"Metazoa","Chordata","Mammalia","Primates","Hominidae","Homo",""
"53d69c76b1c7e80eb172e894fdd72a83fad09ec0","      1","root","no rank","1.0000","","","","","","",""
"cf89932a2aa74ba1f37ea87c338335f029cafec4"," 337963","Neotominae","subfamily","1.0000","Metazoa","Chordata","Mammalia","Rodentia","Cricetidae","",""
"a5f7a18462eff1389dce7148106b3e67f9859411"," 504568","Salmoninae","subfamily","1.0000","Metazoa","Chordata","Actinopteri","Salmoniformes","Salmonidae","",""
"38827096d0387de3384b7947b12fd794ccbeebee","      1","root","no rank","1.0000","","","","","","",""
"338ab58c5670013268c6d110aea775f44d1e16d5","      1","root","no rank","1.0000","","","","","","",""
"c00b7529e975a4d42a88d67833bdc89302865529","      1","root","no rank","1.0000","","","","","","",""
"5387ba514271abfdff44709433f9e508866fef14","      1","root","no rank","1.0000","","","","","","",""
"68d8363d7168164ccc0951390adb69941b4d3476","   9605","Homo","genus",NA,"Metazoa","Chordata","Mammalia","Primates","Hominidae","Homo",""
"bcab1bf1c3ab071d2ba95fd3d62f0e79d6ef8c30","      1","root","no rank","1.0000","","","","","","",""
"d1f83ac4edad4557c4efaa9f2fac832fa66308e5","      1","root","no rank","1.0000","","","","","","",""
"05c0d8f0fea5a2c10602bd9a179b522a1f4f3143","      1","root","no rank","1.0000","","","","","","",""
"1248a1e02f46b167945815532a8d2260f23b7200"," 337687","Muroidea","clade","1.0000","Metazoa","Chordata","Mammalia","Rodentia","","",""
"5340318d81f3f2f31a7a98e7fae37945f1542077","  33213","Bilateria","clade","1.0000","Metazoa","","","","","",""
"c29dca67c118b73fa99d29de4adbe2b9b51dbf66","      1","root","no rank","1.0000","","","","","","",""
"142fbe996e9fd558b17f5cc669917e1ccce4ceed","   9605","Homo","genus",NA,"Metazoa","Chordata","Mammalia","Primates","Hominidae","Homo",""
"010e220e41a1acbc4224ffc74af1ad24e809261a","      1","root","no rank","1.0000","","","","","","",""
"871965f657d4a8a7644d5c91b3156f64d4cda176","   9611","Canis","genus",NA,"Metazoa","Chordata","Mammalia","Carnivora","Canidae","Canis",""
"f955503b1c86f8c3087b2ef756230e41d0a00b3f","      1","root","no rank","1.0000","","","","","","",""
"b3f3b06c53b5f4cece80b21c1edee9cc4a13b18c","   9605","Homo","genus",NA,"Metazoa","Chordata","Mammalia","Primates","Hominidae","Homo",""
"e31dd467747663e9e16bf06f5430df469ce761bd","      1","root","no rank","1.0000","","","","","","",""
"b2aa06b5fea074d599c5d60c2c85f06368dafb28","      1","root","no rank","1.0000","","","","","","",""
"a1bb23180a60b999c8d34cebb59b701acaaaf72c"," 337752","Sciurini","tribe","1.0000","Metazoa","Chordata","Mammalia","Rodentia","Sciuridae","",""
"808b2e8077c5c41a04e8bf65505b6dd7a4d5acea"," 337963","Neotominae","subfamily","1.0000","Metazoa","Chordata","Mammalia","Rodentia","Cricetidae","",""
"4de6999ba46658cbd169abaa3cd0b167f482e12b","   9605","Homo","genus",NA,"Metazoa","Chordata","Mammalia","Primates","Hominidae","Homo",""
"5ab0ed3a6f309bcde7b70a658051739b7c1e2fba","      1","root","no rank","1.0000","","","","","","",""
"8b97b52072a0d433f0528eebf564e4a5894f7a03","      1","root","no rank","1.0000","","","","","","",""
"65466d28dfea99ee542cc246e082d6e169fdcef9","      1","root","no rank","1.0000","","","","","","",""
"f22c8783a22a6021bb0d6a2b51b214dcdcf68a56","   7996","Ictaluridae","family","1.0000","Metazoa","Chordata","Actinopteri","Siluriformes","Ictaluridae","",""
"870c958f65d8f410ebfc2b057c5d1ed4c278223f","   9126","Passeriformes","order","1.0000","Metazoa","Chordata","Aves","Passeriformes","","",""
"fba91242a058d7e61c7992aa54f62f1a74b7f3ec","   9126","Passeriformes","order",NA,"Metazoa","Chordata","Aves","Passeriformes","","",""
"c05881ba27e9bdfacee744ded3476a37d70e35cc","      1","root","no rank","1.0000","","","","","","",""
"2c89d33051547d287b66c7779c8a52499f8d0329","   9347","Eutheria","clade","1.0000","Metazoa","Chordata","Mammalia","","","",""
"7ab5e92a5cd0e99b7e8d4c0c7a10b534618de006","  33213","Bilateria","clade",NA,"Metazoa","","","","","",""
"20c281c322d383b821af10ba009acaecf0906e5c","  10114","Rattus","genus",NA,"Metazoa","Chordata","Mammalia","Rodentia","Muridae","Rattus",""
"08138115cd3348ae7df3386366b72d3f2c9c799f","   8092","Cottidae","family",NA,"Metazoa","Chordata","Actinopteri","Perciformes","Cottidae","",""
"a5e54797ddba3b68f09a89f5c84ab5b43b90283c","   9347","Eutheria","clade","1.0000","Metazoa","Chordata","Mammalia","","","",""
"4df8cdb193b1b1bfe2710461b179c34541dcfffe","   9605","Homo","genus",NA,"Metazoa","Chordata","Mammalia","Primates","Hominidae","Homo",""
"70a3e53e3e2c41bc4c57cbd79f14cc0d9c515f5c","   8830","Anatidae","family","0.9998","Metazoa","Chordata","Aves","Anseriformes","Anatidae","",""
"365b9ca2611bbe10fc3cd6493f967e340a18ff53","   8016","Oncorhynchus","genus",NA,"Metazoa","Chordata","Actinopteri","Salmoniformes","Salmonidae","Oncorhynchus",""
"4bf5a7c2b063ba8c585da4aebeebef3bdfe01187","  33213","Bilateria","clade","1.0000","Metazoa","","","","","",""
"b5b6f6df887263272b6d362cba9eacfa6b8b6f8a","      1","root","no rank","1.0000","","","","","","",""
"f38e569153a458825f140a0b43e391a19ba83a07","      1","root","no rank","1.0000","","","","","","",""
"69e1baa12096acc8c9e9158a6a978a8228658b6e","      1","root","no rank","1.0000","","","","","","",""
"d4683cfa7b706bd5b9cc7191b45dc1721a7e6bf6"," 504568","Salmoninae","subfamily",NA,"Metazoa","Chordata","Actinopteri","Salmoniformes","Salmonidae","",""
"156f773ff63363e6824c26ca8cd22b871d45f0e7","   9605","Homo","genus",NA,"Metazoa","Chordata","Mammalia","Primates","Hominidae","Homo",""
"41f7f70b9a0e5588c1da27aaab8b61682e41e656","   9688","Panthera","genus","1.0000","Metazoa","Chordata","Mammalia","Carnivora","Felidae","Panthera",""
"8d75c69717bf29db2a097c74a898b3140162a457","      1","root","no rank","1.0000","","","","","","",""
"2b0c39077f06327b7e2754fe64381e2b2d57e560","2743731","Pogonichthyinae","subfamily","1.0000","Metazoa","Chordata","Actinopteri","Cypriniformes","Leuciscidae","",""
"42bfad7118600bcb5e32197d62d315f8c630b47f"," 504568","Salmoninae","subfamily",NA,"Metazoa","Chordata","Actinopteri","Salmoniformes","Salmonidae","",""
"d330ddf0a2a0c096d1f61432854aeeff740d6057","   8295","Ambystoma","genus","1.0000","Metazoa","Chordata","Amphibia","Caudata","Ambystomatidae","Ambystoma",""
"b533be4b7665b6542b7baea653baf28d18f2aded","      1","root","no rank","1.0000","","","","","","",""
"ba9b874649d0aabb08826dfbbb7be2b9dbc60851","      1","root","no rank","1.0000","","","","","","",""
"6d408eeb7f32a8582891ca4bd67094577495e45e","  33213","Bilateria","clade",NA,"Metazoa","","","","","",""
"bb8fc41559d046a28c66d8f462ad199b5175a3dc","  33213","Bilateria","clade","1.0000","Metazoa","","","","","",""
"4034e3f8d59651874847b26c07aed84914791e06","  10114","Rattus","genus","1.0000","Metazoa","Chordata","Mammalia","Rodentia","Muridae","Rattus",""
"48b71b7377c826fa7c7f6d7b130bdc3b8acf11c0","      1","root","no rank","1.0000","","","","","","",""
"1c723be7c521b836ac10a356b5c7d6fb3f903278","   9347","Eutheria","clade","0.9984","Metazoa","Chordata","Mammalia","","","",""
"a56780f0ba3e80909339560fef5491f720c32902","   9347","Eutheria","clade","0.9997","Metazoa","Chordata","Mammalia","","","",""
"b01206a5c3894a926e2167b0766297f098896c5f","   9319","Osphranter robustus","species",NA,"Metazoa","Chordata","Mammalia","Diprotodontia","Macropodidae","Osphranter","Osphranter robustus"
"9cbe9776d7d1838f1adcc215a39365c34a8625e5","      1","root","no rank","1.0000","","","","","","",""
"311dc383535518bf3e6f854961ac2d777cc957f9","  13245","Regulus satrapa","species",NA,"Metazoa","Chordata","Aves","Passeriformes","Sylviidae","Regulus","Regulus satrapa"
"2b1ec1d5d174ca843ca0204c4278026685733793","   9881","Odocoileinae","subfamily","1.0000","Metazoa","Chordata","Mammalia","Artiodactyla","Cervidae","",""
"5dc629e55485a72eb5bf46bb6348dc9d617355f1","      1","root","no rank","1.0000","","","","","","",""
"5d033a6112f231fd3f8991741e0f04f193517321"," 400782","Parulidae","family","1.0000","Metazoa","Chordata","Aves","Passeriformes","Parulidae","",""
"811386408228b1a3ecb09a8ca20a8e1fa0079733","  33213","Bilateria","clade",NA,"Metazoa","","","","","",""
"8b376473d90c35aeeb560579b333dafb7c3383e8","  33213","Bilateria","clade",NA,"Metazoa","","","","","",""
"0363cf7845c83893bf60aec12c10c339dcb8917b","   9605","Homo","genus",NA,"Metazoa","Chordata","Mammalia","Primates","Hominidae","Homo",""
"542dd18ca3e3ace5abe1627c741ecaf6fffcb4af","   8295","Ambystoma","genus","1.0000","Metazoa","Chordata","Amphibia","Caudata","Ambystomatidae","Ambystoma",""
"718e4496abb042983be42da7ec4f981a95e3cac4","   8825","Neognathae","infraclass","0.9991","Metazoa","Chordata","Aves","","","",""
"afb6e29d578074f7a4ffe420bed62b2babbaa2c1","  38609","Diprotodontia","order","0.9996","Metazoa","Chordata","Mammalia","Diprotodontia","","",""
"e8afa24a0782e8cd1c0f4eb2c8ed68010f28afbf","      1","root","no rank","1.0000","","","","","","",""
"87e96192fa61ed4b6a7deb0a40359c6cb1af8be9","      1","root","no rank","1.0000","","","","","","",""
"e162bb136754115e1be09abeb780b997b7425623","      1","root","no rank","1.0000","","","","","","",""
"da92458afa7fff63e2828b790aae4d92fc8dda96","      1","root","no rank","1.0000","","","","","","",""
"dd28e16bf1e48a6808059b3cc5e6c3e8fd917dc0","   9605","Homo","genus",NA,"Metazoa","Chordata","Mammalia","Primates","Hominidae","Homo",""
"b58374d8618538313e00e15d8290f4c594d71fda","      1","root","no rank","1.0000","","","","","","",""
"44371723ba75af5fce2c8ba0e3b35b828bc69d18","   9611","Canis","genus",NA,"Metazoa","Chordata","Mammalia","Carnivora","Canidae","Canis",""
"3bc98c2fc6c2bac1037fbc2452824d9524bff3ed"," 126287","Didelphinae","subfamily","1.0000","Metazoa","Chordata","Mammalia","Didelphimorphia","Didelphidae","",""
"2cfff9ce7e2ea0339b4273bb3e699ff610799cc6","  33213","Bilateria","clade",NA,"Metazoa","","","","","",""
"48f0cf544ed69b0796edc60af504f607a6c6dce3","      1","root","no rank","1.0000","","","","","","",""
"3eaad0dc9d26c11f290f986b90f49efd74602b29","   8295","Ambystoma","genus","1.0000","Metazoa","Chordata","Amphibia","Caudata","Ambystomatidae","Ambystoma",""
"7cb1f8f9f7d2179d9283ea8595c40a3a1936b63b","   9881","Odocoileinae","subfamily","1.0000","Metazoa","Chordata","Mammalia","Artiodactyla","Cervidae","",""
"9e4fc567503b99e7b4fe2492eb6176cc07da4084","      1","root","no rank","1.0000","","","","","","",""
"4b53f34ca90c4fbdac6e70f83a13d577b8f8fd95","      1","root","no rank","1.0000","","","","","","",""
"7def7d888973785b2a1eee3990e97f86621a4bf1","      1","root","no rank","1.0000","","","","","","",""
"e34ca00caa3ab4bd953847bdb67f805d84628240","      1","root","no rank","1.0000","","","","","","",""
"ed4d221f384763307ec5b4b7abb95902ba038b19","   9126","Passeriformes","order","0.9596","Metazoa","Chordata","Aves","Passeriformes","","",""
"8f245a5fcfe5252eea70aac8f2c00521692d4b94","      1","root","no rank","1.0000","","","","","","",""
"c759355dee9f9aa45a12f5cef4b9c304711eb9d4","   9989","Rodentia","order","1.0000","Metazoa","Chordata","Mammalia","Rodentia","","",""
"1a048a3ebd5a73e938263b67011245ec212d0a20","   9913","Bos taurus","species",NA,"Metazoa","Chordata","Mammalia","Artiodactyla","Bovidae","Bos","Bos taurus"
"db3d93ddc149457cdb901f99dedf2851d18bce50","      1","root","no rank","1.0000","","","","","","",""
"68555c3d5ffd7dbdae3901cba5230626de7bf52f","  33213","Bilateria","clade","1.0000","Metazoa","","","","","",""
"2651113fa19685a6d0caf1047667ab0bddb474eb","   9605","Homo","genus",NA,"Metazoa","Chordata","Mammalia","Primates","Hominidae","Homo",""
"d9e3e68f44741842aaf85cbe8a7e42fbf3b7b16d","      1","root","no rank","1.0000","","","","","","",""
"2bde1baa06baad8922b095b4fdcd3ca86565e8e5","      1","root","no rank","1.0000","","","","","","",""
"624fbb8304044ddee6bf9d39c987a978e941e548"," 126287","Didelphinae","subfamily","1.0000","Metazoa","Chordata","Mammalia","Didelphimorphia","Didelphidae","",""
"12a8b6076ba2a5fd7d011d6d6d7abecfa6151b6e","1437010","Boreoeutheria","clade","1.0000","Metazoa","Chordata","Mammalia","","","",""
"7d938b93e1f6a1cd8b12fdac2b2672fad00b3080","   8295","Ambystoma","genus","1.0000","Metazoa","Chordata","Amphibia","Caudata","Ambystomatidae","Ambystoma",""
"c9fbdb4b85b09a526a58952bc9b9ef69aaf50d9b","      1","root","no rank","1.0000","","","","","","",""
"104a716f69e7d542afdd9f98654efed494b77577","  33213","Bilateria","clade","1.0000","Metazoa","","","","","",""
"4f63b98f1deeca6ecac02c2b114d7b693f1f27db","  33213","Bilateria","clade","1.0000","Metazoa","","","","","",""
"bde0a36ff49e87d39c43d3be74a128fa970ebe9f","      1","root","no rank","1.0000","","","","","","",""
"4426db5235a01eff13fbd3ae179dabba84fd198d","   9605","Homo","genus",NA,"Metazoa","Chordata","Mammalia","Primates","Hominidae","Homo",""
"8666594c9b89581d4555a71005023432e9abe1b2"," 337687","Muroidea","clade","1.0000","Metazoa","Chordata","Mammalia","Rodentia","","",""
"5d599e4d35d5fbf6e119745d3d0c4ed65fc32b6c"," 175121","Passeroidea","superfamily","1.0000","Metazoa","Chordata","Aves","Passeriformes","","",""
"139ff38d8eb60547dba8a13573cc4d1939382544","  28725","Corvidae","family","0.9806","Metazoa","Chordata","Aves","Passeriformes","Corvidae","",""
"050cc2e9572ad563ccdcd8e64a6d01d1edf6c248","      1","root","no rank","1.0000","","","","","","",""
"5db107220f523f371fd9732ee6749db2e5867ee6","      1","root","no rank","1.0000","","","","","","",""
"63e1d9991c3f36df15d32e441d2dd78a1cb43340","      1","root","no rank","1.0000","","","","","","",""
"3144807e9bbd9e36e21746e94494c6ed39dd47c9"," 504568","Salmoninae","subfamily","1.0000","Metazoa","Chordata","Actinopteri","Salmoniformes","Salmonidae","",""
"c5096108c306c4feda0e54dde259d212245b2d5a"," 504568","Salmoninae","subfamily",NA,"Metazoa","Chordata","Actinopteri","Salmoniformes","Salmonidae","",""
"214a1d0e36e3d7f9b03be6482ca4fd524d19125d"," 337687","Muroidea","clade","1.0000","Metazoa","Chordata","Mammalia","Rodentia","","",""
"332b3ac1e757452d035e84c1d4324dbece37a133","      1","root","no rank","1.0000","","","","","","",""
"615a3f53cc7f27926da4b3e199ea93244ef2f96c","   9126","Passeriformes","order",NA,"Metazoa","Chordata","Aves","Passeriformes","","",""
"249878b51d6ee24f9ba20b7f3f9a3d2797121163","      1","root","no rank","1.0000","","","","","","",""
"301592d072a4fc7a7394f706da81c573cf45ee2e","      1","root","no rank","1.0000","","","","","","",""
"6130d4c9a1f7f972bc42133727753052ac151e8a","   9126","Passeriformes","order","0.9596","Metazoa","Chordata","Aves","Passeriformes","","",""
"892ce80fd8449dd095d49780f07ad1abbb7e5ddf","   8295","Ambystoma","genus","1.0000","Metazoa","Chordata","Amphibia","Caudata","Ambystomatidae","Ambystoma",""
"54141231e62c9e044bbe92e8e95782e263ddf3d1","      1","root","no rank","1.0000","","","","","","",""
"446af984a6181c35ae70086597fdb60e647afde7","   8016","Oncorhynchus","genus",NA,"Metazoa","Chordata","Actinopteri","Salmoniformes","Salmonidae","Oncorhynchus",""
"684b3c19084a2aeb026902670930b386795ebc05","      1","root","no rank","1.0000","","","","","","",""
"6cd9eb693963e3f2a21d9b6ab4cb46e2fb4af51e","      1","root","no rank","1.0000","","","","","","",""
"1ef84f8e308b1d071a85557023d843f313986e90","   8295","Ambystoma","genus","1.0000","Metazoa","Chordata","Amphibia","Caudata","Ambystomatidae","Ambystoma",""
"b865750f871db450b10863407c4b17d641fe2867"," 337687","Muroidea","clade","1.0000","Metazoa","Chordata","Mammalia","Rodentia","","",""
"fc6ee11d11445b305b9690989b7ced309a9b2fb7","      1","root","no rank","1.0000","","","","","","",""
"1bf2be98703936e6f2ce2788acde78765edcd82f","      1","root","no rank","1.0000","","","","","","",""
"1e5226e1da4fa094a10afc9f7e75372a32c90f10","      1","root","no rank","1.0000","","","","","","",""
"dc3a91a19f65ee0fd854dcf51ed90714a16aac39","  33213","Bilateria","clade","1.0000","Metazoa","","","","","",""
"364ae5aa6197d707905445e811d76b78e6c63d61","      1","root","no rank","1.0000","","","","","","",""
"b15dcb40899e560a737670c613b0a9102f9454d7","      1","root","no rank","1.0000","","","","","","",""
"ece7680bced1187e2f1e097e3d5653f0628b42bb","      1","root","no rank","1.0000","","","","","","",""
"dc78ea7000749cdaa33f9199c52df6f0f90be099","   9126","Passeriformes","order","0.9012","Metazoa","Chordata","Aves","Passeriformes","","",""
"950bc43a57f34c91ab8b1f0d999f2b0f59b5243c"," 126287","Didelphinae","subfamily","1.0000","Metazoa","Chordata","Mammalia","Didelphimorphia","Didelphidae","",""
"9f39deb09824da37883c93c51257d5868aee479f","      1","root","no rank","1.0000","","","","","","",""
"05ed5667b5a0c237085b502a5d9ed6ec8800eb16","      1","root","no rank","1.0000","","","","","","",""
"6e0998c9e83ed32b4c127dd43bc20c29aec52166","  33213","Bilateria","clade","1.0000","Metazoa","","","","","",""
"811b89b5b1cd455399aac1f1ce90addaa481ed04","   9133","Fringillidae","family",NA,"Metazoa","Chordata","Aves","Passeriformes","Fringillidae","",""
"a611500e4a123b1f044bb8d5acdd9f2b557f27d8","      1","root","no rank","1.0000","","","","","","",""
"75e73e13ea568bb911b99e63cc8a634d76007bff","   8112","Percoidei","suborder","1.0000","Metazoa","Chordata","Actinopteri","Perciformes","","",""
"df4d3fc027677120cea8598ffba2bffd7d806c15","      1","root","no rank","1.0000","","","","","","",""
"35bfb6f133c52b639e6d4d74cbef2458c3534c5d","      1","root","no rank","1.0000","","","","","","",""
"3a96fca5f71b4adae420d52543fb3764a449970d","      1","root","no rank","1.0000","","","","","","",""
"94bb478e5e71ec60861e4942c3584d23b39b33e8","      1","root","no rank","1.0000","","","","","","",""
"de1b0fa5bf4731ad0304175bb17eaf4e747ba2fa","      1","root","no rank","1.0000","","","","","","",""
"04e53c48b04b3746293f00ec85c7a84e5d6319c2","      1","root","no rank","1.0000","","","","","","",""
"c3dfdb6d91cc3500a3a7814dd07c6f7b73d62ad9","      1","root","no rank","1.0000","","","","","","",""
"158c0f533a8902ffdd64408176c574465e193ce1","  33213","Bilateria","clade","1.0000","Metazoa","","","","","",""
"f16837dc705550a5b62ada3e46d1f5309ed36525","      1","root","no rank","1.0000","","","","","","",""
"6989436792ba065c4821ebed2d6fc5ea2536c58a","   9608","Canidae","family","1.0000","Metazoa","Chordata","Mammalia","Carnivora","Canidae","",""
"97a1f51c0af972b3105837d46a3ddee698469d11","      1","root","no rank","1.0000","","","","","","",""
"0218266dbe9e6aa2986987ac11beb17d14633d45"," 337752","Sciurini","tribe","1.0000","Metazoa","Chordata","Mammalia","Rodentia","Sciuridae","",""
"854e8bb41726c5d548c8b4fc7af83d1ad21377dd","      1","root","no rank","1.0000","","","","","","",""
"71de34b4ef8a82b96177d1769cc89de71a957055","   8295","Ambystoma","genus","1.0000","Metazoa","Chordata","Amphibia","Caudata","Ambystomatidae","Ambystoma",""
"09dafb63415f1346eb1e9849deb2d1dcaa1b6f08","      1","root","no rank","1.0000","","","","","","",""
"ca60bd1722f00958611e90ce9aee7ff86c790a80"," 504568","Salmoninae","subfamily","1.0000","Metazoa","Chordata","Actinopteri","Salmoniformes","Salmonidae","",""
"e4405484c2c79b4f6328ebab109af77c9b6ddec1","      1","root","no rank","1.0000","","","","","","",""
"470f7cb5851f4e93e60318bb3ca52cec11afef47","   9347","Eutheria","clade","1.0000","Metazoa","Chordata","Mammalia","","","",""
"b903c230307ae3f11745f6ef756e641403294ae8","      1","root","no rank","1.0000","","","","","","",""
"1d32e72f3897e99d4e2a4466759afd8a7a47c127","      1","root","no rank","1.0000","","","","","","",""
"978773a3d8705cba810cff57cd17f4a81ccc5ee2","      1","root","no rank","1.0000","","","","","","",""
"5d97501136b6ac70e37b2d272a5420914cf9e8c4","      1","root","no rank","1.0000","","","","","","",""
"305b2f394cebb0a84e4f16990126470c3e484534","  33213","Bilateria","clade","1.0000","Metazoa","","","","","",""
"ca3b3199f7c1674bf102873870c05aa367f1d133","      1","root","no rank","1.0000","","","","","","",""
"b73d2ac1b127193a0c3afa1993d41dcb176fe62a","   9605","Homo","genus",NA,"Metazoa","Chordata","Mammalia","Primates","Hominidae","Homo",""
"8a8ae34abec81aa0d593cd14a474043c1a7b42c9"," 504568","Salmoninae","subfamily",NA,"Metazoa","Chordata","Actinopteri","Salmoniformes","Salmonidae","",""
"f5576e561bc3840c46a664d2f0e4a7ba13dad963","   9347","Eutheria","clade","1.0000","Metazoa","Chordata","Mammalia","","","",""
"ad36c8896b0086619c89212729e30e78b8c7ee4d","      1","root","no rank","1.0000","","","","","","",""
"a6d4e9f15b1e754c9c11ec8edee164e5eb0c343e","  33213","Bilateria","clade","1.0000","Metazoa","","","","","",""
"a36b86d0de494dbb296374c30378b851460b6f3a","  32523","Tetrapoda","clade","1.0000","Metazoa","Chordata","","","","",""
"de587b34dbbbb8e7d7842ab6b95061f32f33d941"," 337687","Muroidea","clade","1.0000","Metazoa","Chordata","Mammalia","Rodentia","","",""
"f8808479caf6f60dc18d92dfaafb42b36156a20a","      1","root","no rank","1.0000","","","","","","",""
"d1dbb68f9ff3177058078a66f5b020020de32cd2","      1","root","no rank","1.0000","","","","","","",""
"6d87dd4121d434574301e717325358ece8ea0863","      1","root","no rank","1.0000","","","","","","",""
"7430540c165c02777e5c7dddb5b163c733579c97","  38609","Diprotodontia","order","0.9986","Metazoa","Chordata","Mammalia","Diprotodontia","","",""
"ba3d4a77eb6d441353e633ce5fb70c9ea208d7a5","  39087","Arvicolinae","subfamily","1.0000","Metazoa","Chordata","Mammalia","Rodentia","Cricetidae","",""
"bb267040d4dfa2d3b2e259a638e27d243094eb46","      1","root","no rank","1.0000","","","","","","",""
"c227859edf1f2f735907e49c12fbadba4079f5b6"," 337687","Muroidea","clade","1.0000","Metazoa","Chordata","Mammalia","Rodentia","","",""
"994cd0e0e3bd3b5843512af08558d9884b40d894","      1","root","no rank","1.0000","","","","","","",""
"425b665089d7b198b5d830dcbc78fef6b3d71859","   9653","Procyon","genus","1.0000","Metazoa","Chordata","Mammalia","Carnivora","Procyonidae","Procyon",""
"0182f4586a201b512228a8e021616a615ce13e80","  33213","Bilateria","clade","1.0000","Metazoa","","","","","",""
"a73a59c7caf7ee20c0eba115415daa51f5b81e95","      1","root","no rank","1.0000","","","","","","",""
"469616fa917adf90ca6320f0c9a5d7abd2023a52","   9605","Homo","genus",NA,"Metazoa","Chordata","Mammalia","Primates","Hominidae","Homo",""
"5b26baf2660f009f19b5aaf684b7dfa227e0f0de","      1","root","no rank","1.0000","","","","","","",""
"ec50a1bf79d9f0bbca881b5aea51a3d134cb9f52","      1","root","no rank","1.0000","","","","","","",""
"07b1d52be67137ba8b46b93ecb8b9514e69c9579","   9653","Procyon","genus","1.0000","Metazoa","Chordata","Mammalia","Carnivora","Procyonidae","Procyon",""
"ab176bfacf33fb46f2588f7f6458fa5712a0f8d6","  33213","Bilateria","clade","1.0000","Metazoa","","","","","",""
"461e1d95202c4ac8a1b4907dcc2e82ba8c2f8608","   9611","Canis","genus",NA,"Metazoa","Chordata","Mammalia","Carnivora","Canidae","Canis",""
"0c449ae7258f77ff3cdf908dbc6ebbb3036a56e8","      1","root","no rank","1.0000","","","","","","",""
"4745210e99a4d670af1deb41a6941e243d7547a8","  32523","Tetrapoda","clade","1.0000","Metazoa","Chordata","","","","",""
"ff5ec2f9039cdd6705d2fdc0feaa26636c4e86bf","      1","root","no rank","1.0000","","","","","","",""
"c99994322bb59dd2abb8811c6200d435e40a802f","      1","root","no rank","1.0000","","","","","","",""
"3efaf9264c622aa69a6e16b9ae54878453da0357","  33213","Bilateria","clade","1.0000","Metazoa","","","","","",""
"7eb648e49242864ecbe3cea72a0b3abff6a5b81f","      1","root","no rank","1.0000","","","","","","",""
"061386b9c5750cbde565912b86f4fe0f075da5f0","      1","root","no rank","1.0000","","","","","","",""
"fe739f8d050d60e1dd0555c122fd9519ef58aaa4","      1","root","no rank","1.0000","","","","","","",""
"0a66e6c21612ce0ab89fde4ce94eeac6966c54ac"," 337752","Sciurini","tribe","1.0000","Metazoa","Chordata","Mammalia","Rodentia","Sciuridae","",""
"3c4e754a97efa108e6feec65c0c355365d44d9da","  33213","Bilateria","clade","1.0000","Metazoa","","","","","",""
"729de283a62124c4f1f3a069ff9ceb6f6a079413"," 504568","Salmoninae","subfamily",NA,"Metazoa","Chordata","Actinopteri","Salmoniformes","Salmonidae","",""
"3e49e9c07d24693646a88eb49764795f20c5f2c0","      1","root","no rank","1.0000","","","","","","",""
"82cd5137b47404d30be56a562b85bc7f303c27ea","  69292","Gasterosteus","genus","1.0000","Metazoa","Chordata","Actinopteri","Perciformes","Gasterosteidae","Gasterosteus",""
"6d724a2e6674d357fba48a470dc80bed8b674ee9","      1","root","no rank","1.0000","","","","","","",""
"16b5888b407acdf3478c3e8389015eede6fb2b70","   8830","Anatidae","family","0.9962","Metazoa","Chordata","Aves","Anseriformes","Anatidae","",""
"861ddd7356d90f6a0227d8dfe6170720255f8903","      1","root","no rank","1.0000","","","","","","",""
"0e703ba56d33f1e7da9cb00ae366d0543712ebc7","      1","root","no rank","1.0000","","","","","","",""
"9cd707dc781aa1c7ca9399a193ae82b5f0e05102","      1","root","no rank","1.0000","","","","","","",""
"cc82b442bccf169da82706efdfae56e38f529cd8","      1","root","no rank","1.0000","","","","","","",""
"9203b0ce66faf56ce0ee4970057b7d0bd4178673","      1","root","no rank","1.0000","","","","","","",""
"a682f23c87912208d1970645e2e32c389b6138ab","      1","root","no rank","1.0000","","","","","","",""
"125ab20071d63b66931b41dfb5feb8b9f8fcfa6f","      1","root","no rank","1.0000","","","","","","",""
"2728b93e3eaf14f8e85f117698d3d1743dce435e","      1","root","no rank","1.0000","","","","","","",""
"034bb4a8d095515c5fa3661e10d121c958bc0c44","      1","root","no rank","1.0000","","","","","","",""
"7b6b0220d2f75316ee0520a733bfacb7c2bc996a","      1","root","no rank","1.0000","","","","","","",""
"f53c0268906f5a28f163439cc5235a9f5eca5af3","      1","root","no rank","1.0000","","","","","","",""
"195cc1c7f2dd895425c1f7872e3ed4dfe4256c0f","   9126","Passeriformes","order","0.9599","Metazoa","Chordata","Aves","Passeriformes","","",""
"71dc8d81812fe61467bd0cbf710debd3b0e5537c","      1","root","no rank","1.0000","","","","","","",""
"d897240caef5b3f6e7727346c0ab1cc8b8736b32","      1","root","no rank","1.0000","","","","","","",""
"0d13ead8e9541d4da77ae562b917bc7df2ac5871","      1","root","no rank","1.0000","","","","","","",""
"63943084fb18a9ff02bbb4484d0401790edd84c8","      1","root","no rank","1.0000","","","","","","",""
"5200bc03d33b5129f8b871fbd3f202cd54bebd76","      1","root","no rank","1.0000","","","","","","",""
"0f13f9ee2dba89826d5d7959caaecf451d85c93c","      1","root","no rank","1.0000","","","","","","",""
"25dbe1081fc1471c6c7c1a776d579abad03aa52f","      1","root","no rank","1.0000","","","","","","",""
"c076566da4418e9fd10409587cb9a0d8e51fe2db","   9611","Canis","genus",NA,"Metazoa","Chordata","Mammalia","Carnivora","Canidae","Canis",""
"de24862b71eed12e141ff57cf67608476410284a","      1","root","no rank","1.0000","","","","","","",""
"17f4968b66e7130ede9d9f96be90f78dbba8337e","      1","root","no rank","1.0000","","","","","","",""
"48f301028c360fbfd7289b08ba09b175fa526357","      1","root","no rank","1.0000","","","","","","",""
"8abf318be5eb6e4ae08552908003ecf4018f35fd","      1","root","no rank","1.0000","","","","","","",""
"b2dc09e508539aaf830e19ead443d458b499a7f7","      1","root","no rank","1.0000","","","","","","",""
"f89061c8852671127f3503aebcf7095032b639ad","   9126","Passeriformes","order","0.9965","Metazoa","Chordata","Aves","Passeriformes","","",""
"26f120b2e9925a11901befe0ebc02d44cfbfbf6b","      1","root","no rank","1.0000","","","","","","",""
"c4f2967585cbcc006bf49d0851593772dcae17a4"," 504568","Salmoninae","subfamily","1.0000","Metazoa","Chordata","Actinopteri","Salmoniformes","Salmonidae","",""
"7ec6ae8d3cddb9a7f5a98ccc60746b350520b354","   9987","Sylvilagus","genus","0.9990","Metazoa","Chordata","Mammalia","Lagomorpha","Leporidae","Sylvilagus",""
"e7cbb2ad02ec3476f6032a33361301d36539c676","      1","root","no rank","1.0000","","","","","","",""
"33ba2c7ecafa35a2826954805110a114eae54002","      1","root","no rank","1.0000","","","","","","",""
"bf0f73c894605ce8c5b633558c914da0aeaf72df","   9347","Eutheria","clade","1.0000","Metazoa","Chordata","Mammalia","","","",""
"de55dc8cfc5618565da4bdba8a83587d47b9e16a","      1","root","no rank","1.0000","","","","","","",""
"dd2177a5c7c6453f5903e9c0bc16c88923131285","      1","root","no rank","1.0000","","","","","","",""
"07e8d10d5d5c16136cbaf6c17e52cda818235b1e","      1","root","no rank","1.0000","","","","","","",""
"80b48122ec86fc0054f144d85fb5151350ec9dcd"," 379583","Feliformia","suborder","1.0000","Metazoa","Chordata","Mammalia","Carnivora","","",""
"55b5f2eae70e28c97b898b9d04967a9d7f994a38","      1","root","no rank","1.0000","","","","","","",""
"b18e0d7e1fe5a7e13a2a25692f1348e5e9b45020","      1","root","no rank","1.0000","","","","","","",""
"625056e2a012cc9f0a7dee786f4bb32d5c41b889","      1","root","no rank","1.0000","","","","","","",""
"69945a965b607bbcde8a01f8300e4edafab8dd2e","      1","root","no rank","1.0000","","","","","","",""
"45bac13533d34dfb96842ca2309583f927776ea0","      1","root","no rank","1.0000","","","","","","",""
"19ddb5ceef0dc2e1b723ce803c179231061e7447","      1","root","no rank","1.0000","","","","","","",""
"2c3826cc61e3a0a0bd977888551b19b77a34b9e9","   9605","Homo","genus",NA,"Metazoa","Chordata","Mammalia","Primates","Hominidae","Homo",""
"484cd19d609b852a8c88a31f26922b9c57fffaaf","   9347","Eutheria","clade","0.9990","Metazoa","Chordata","Mammalia","","","",""
"b0ab86cbb8c40b6a4a17d209dca6adf7d4029b04","      1","root","no rank","1.0000","","","","","","",""
"e838a330f151c3f41fa23e02ed6cd82212b63efd","      1","root","no rank","1.0000","","","","","","",""
"1c750e6acf7f257b38dd658fb72d1db65d5ad259","   8830","Anatidae","family","0.9640","Metazoa","Chordata","Aves","Anseriformes","Anatidae","",""
"80dc7160e3e05ec077d2b67b0fd693b9ea0d91ba","      1","root","no rank","1.0000","","","","","","",""
"4c4cadb3f1fafa13ec11496a474b2a8e8983c78a","      1","root","no rank","1.0000","","","","","","",""
"5a041ed87839be969523d12ccbab473b12055ae7","      1","root","no rank","1.0000","","","","","","",""
"77aa602260a551ea9e692d04ddb3e2e4643c687d","      1","root","no rank","1.0000","","","","","","",""
"0028a78795bae09e2afb3646f7dd703d01fd240f","   9126","Passeriformes","order","0.9922","Metazoa","Chordata","Aves","Passeriformes","","",""
"90d0948f44b6f1bc428719a31a1c1ca4b3d32703","   8295","Ambystoma","genus","1.0000","Metazoa","Chordata","Amphibia","Caudata","Ambystomatidae","Ambystoma",""
"136967cb1c70e7e7ea2689937bc225488734af38","   9347","Eutheria","clade","0.9986","Metazoa","Chordata","Mammalia","","","",""
"e5052689272d6770cbd404fe06b3b4895dd0cc3f","      1","root","no rank","1.0000","","","","","","",""
"fd081b0661faf5a511c7efce1b065e3671fb2f04","      1","root","no rank","1.0000","","","","","","",""
"c457d935b759cf4296cb01f65b5296a51b196a4f","      1","root","no rank","1.0000","","","","","","",""
"af54826ba2dbff2c8656f367a382db863f6efde9","      1","root","no rank","1.0000","","","","","","",""
"3d1941d67d31514acb28d9199f0c1dfb7872c538","1526411","Mareca","genus",NA,"Metazoa","Chordata","Aves","Anseriformes","Anatidae","Mareca",""
"0a90996c3a7b940529d222f1f7eb40188ff5d2b1","      1","root","no rank","1.0000","","","","","","",""
"040af261fe184ef122ea83e6c2eb821af7e6d58b","      1","root","no rank","1.0000","","","","","","",""
"d031282d3141d16b4b90053e355ea80cb07ac33b","      1","root","no rank","1.0000","","","","","","",""
"3c4611ad2f610a54e63a2b3812af6dace9e62dc6","      1","root","no rank","1.0000","","","","","","",""
"600c3ffc12a39542606a5575eae4598e32b7a7ef","   9220","Picidae","family","1.0000","Metazoa","Chordata","Aves","Piciformes","Picidae","",""
"70305d4bc13c44db241e531ba353917ddf794679","      1","root","no rank","1.0000","","","","","","",""
"850720ecdfd4a86f008cf59059b0dd135dae1b59","      1","root","no rank","1.0000","","","","","","",""
"af28e10e5abee11c7cf2cbc4d17f1701e0308883","  32523","Tetrapoda","clade","1.0000","Metazoa","Chordata","","","","",""
"231893358a8ba7adb4fef06c635d782ef2d6d5e0","   9347","Eutheria","clade","0.9991","Metazoa","Chordata","Mammalia","","","",""
"81f34dec7afa0d1e3ba6257394ecc69392dbf9fe","      1","root","no rank","1.0000","","","","","","",""
"9dbbed8a5ada25a72d7855f9489c8feeb65febef","      1","root","no rank","1.0000","","","","","","",""
"09ae41715719e78df240276e8e9a831a0b414d13","      1","root","no rank","1.0000","","","","","","",""
"93e5ab951e90c6a1d8f8c9af365ab4eb525ddf3e","      1","root","no rank","1.0000","","","","","","",""
"4ef9f1a7c5fd4509598a75acb0e6748ed35c44c4","      1","root","no rank","1.0000","","","","","","",""
"d8d38cebf6a630b8d8712448fdb10d9b456668af","      1","root","no rank","1.0000","","","","","","",""
"bb651563261ab0aa78f06eccbd77d0be9e24f768","      1","root","no rank","1.0000","","","","","","",""
"7f6142a7238fdf876f39d5fc511501974deecc02","      1","root","no rank","1.0000","","","","","","",""
"80a110064b17d3fa8df9a8111c5823902b4fbc89","      1","root","no rank","1.0000","","","","","","",""
"92bc25aa338be1924cd463d35f2668b9f17a7708","      1","root","no rank","1.0000","","","","","","",""
"fb43ffcab1d9ea65cb610212835c64bb0508eef3","      1","root","no rank","1.0000","","","","","","",""
"e4a9bd444f2643b27929d7baa717bd2923d039e8","      1","root","no rank","1.0000","","","","","","",""
"03a1c22da04837b628c080005fe8f9e5491e9f70","      1","root","no rank","1.0000","","","","","","",""
"714132f04e82fc9e75741d0e38fd5cd2dd174a32","      1","root","no rank","1.0000","","","","","","",""
"2a2344e89cb58f2d725544d72e14def87025d03c","      1","root","no rank","1.0000","","","","","","",""
"d02a85eb28cda8d4bde784f4c66976bc596fbaf4","      1","root","no rank","1.0000","","","","","","",""
"4bd34ab0de8e4663d1b37a400521752e582e7e54","   9605","Homo","genus",NA,"Metazoa","Chordata","Mammalia","Primates","Hominidae","Homo",""
"3d158652c7b6c6bacc32a82e60860ecf6afc1cb8","      1","root","no rank","1.0000","","","","","","",""
"98393a8bc5dc5153bda0e683d935041d685147b4","      1","root","no rank","1.0000","","","","","","",""
"d3c0324e5448b07e536bee690b7e523211fd46ed","      1","root","no rank","1.0000","","","","","","",""
"ac3a95b434daceb4016e00f4739f550fbbcc6af0","   9126","Passeriformes","order","1.0000","Metazoa","Chordata","Aves","Passeriformes","","",""
"c5a621aaf81ac9b455706c36e638822d82f1c98a","      1","root","no rank","1.0000","","","","","","",""
"761197e8835e25df135597700d8772972b9a6267","      1","root","no rank","1.0000","","","","","","",""
"d8ec30cda9a3d98288c6b5faac1e5d7d3b16b4d6","      1","root","no rank","1.0000","","","","","","",""
"62cac238a2ecf1b4ea64008763f38acf170560e4","      1","root","no rank","1.0000","","","","","","",""
"a89429aaea02c9bc3c3acb51e4909712875accc0","      1","root","no rank","1.0000","","","","","","",""
"f19ce1c5fb916fb1b0e36513b96569ac5418bba3","      1","root","no rank","1.0000","","","","","","",""
"17fe5bd9764b38b9cb9d28bf65f7ece61ed8079c","      1","root","no rank","1.0000","","","","","","",""
"7c23ac26c1c5e06f1ae20ecb5e63f9fa4fb68550","  33213","Bilateria","clade","1.0000","Metazoa","","","","","",""
"dd04425101db40c7c52464aaab915d2a4422ac98","      1","root","no rank","1.0000","","","","","","",""
"46cc5af99b1146646945aea2db43863b7264732e","      1","root","no rank","1.0000","","","","","","",""
"9703ded357fcb71cbba6f0682645a52f24053f54","      1","root","no rank","1.0000","","","","","","",""
"83c42f6788444d029728771c178933a1212c25d8"," 379583","Feliformia","suborder","1.0000","Metazoa","Chordata","Mammalia","Carnivora","","",""
"16a1a4f1298e8f711e3ed8749dac5ca35fe91dc9","      1","root","no rank","1.0000","","","","","","",""
"21bee8529a10d36ecc4f97bfe3ff82a7ea0b82c6","      1","root","no rank","1.0000","","","","","","",""
"d9fabe11afb5bca89bf67f3a4d91a245f049fad0","      1","root","no rank","1.0000","","","","","","",""
"12acdaa0848689586724f4f8ec133c9ab5afc491","      1","root","no rank","1.0000","","","","","","",""
"e4fdb76e825fd91ab707f2393927a0efbda0f326","      1","root","no rank","1.0000","","","","","","",""
"8ee9f6141b4a7bbb7ae8d4c78d838688c8c6b8f8","      1","root","no rank","1.0000","","","","","","",""
"266907fa5bece68ea4a30e158c569ab7d256a16c","      1","root","no rank","1.0000","","","","","","",""
"d2be68a467b4a920659854ca7f3a9e9e6b7aed6f","   9605","Homo","genus","1.0000","Metazoa","Chordata","Mammalia","Primates","Hominidae","Homo",""
"47617cf8c9d51c82abda9e09494af4e26b4a5e8b","      1","root","no rank","1.0000","","","","","","",""
"606e35714aa4dc734d208ac96ece589f41514acd","      1","root","no rank","1.0000","","","","","","",""
"55d2d73b7dd088146b79493b1243a2695ebda9f1","      1","root","no rank","1.0000","","","","","","",""
"3793dd23da05be6165e07715960799f5b006011b","      1","root","no rank","1.0000","","","","","","",""
"27b0e0c034d3b795c702e38a28c46d23b738c844","      1","root","no rank","1.0000","","","","","","",""
"2ba4f18937ceb6d89c0a4cfe28899905115c0066","      1","root","no rank","1.0000","","","","","","",""
"b5b14135cd8828f10c5b69e404d733d7c9bd313a","      1","root","no rank","1.0000","","","","","","",""
"1c213ca0adb3777219e0f2df9f446537239a78c5","      1","root","no rank","1.0000","","","","","","",""
"51e908a6f6964bf503f93664f2414dc047836067","      1","root","no rank","1.0000","","","","","","",""
"0d6d2b0a0be9acc92f60b42b696dee994c91fe91","      1","root","no rank","1.0000","","","","","","",""
"0763a61ae82c0a11e3344f619b3689c6b35b36c8","      1","root","no rank","1.0000","","","","","","",""
"50922e90e3c60c5646b9d4d095ca0bba1c9955cb","   9681","Felidae","family","0.9560","Metazoa","Chordata","Mammalia","Carnivora","Felidae","",""
"0fdee96293ec2087964d3f4f854cd7dd859b9d99","      1","root","no rank","1.0000","","","","","","",""
"c28d7ac5b9fb27ba4bfe0ee6363e404d49029a75","      1","root","no rank","1.0000","","","","","","",""
"9c177b556ac925aa7f5fa05607d9a4820e3dd201","  33213","Bilateria","clade","1.0000","Metazoa","","","","","",""
"8e63855f5bddbb1595e1842422dcde89b8ffb99a","      1","root","no rank","1.0000","","","","","","",""
"7637508077d76ccb8d013a0a741f09ed74386fc1","      1","root","no rank","1.0000","","","","","","",""
"c0a7af99257f649a29cca3f2cb1faf58025dc2c2","      1","root","no rank","1.0000","","","","","","",""
"e1f356bf34b73cf835ef873dcaac23347c6e7b1a","      1","root","no rank","1.0000","","","","","","",""
"64acd71396ce9fd7a044de196d7f1e36a58c8f32","  33213","Bilateria","clade","1.0000","Metazoa","","","","","",""
"ad9967724591a933304efdf33cac6562fb9a960a","      1","root","no rank","1.0000","","","","","","",""
"4d2d6fb2d9d460bfb66e4df45a37abe9c0607f84","      1","root","no rank","1.0000","","","","","","",""
"d98fcf3d17412264961c612c30403e4d50d36466","      1","root","no rank","1.0000","","","","","","",""
"f575c15d04a07af6a62cceb23874026e2f974f0a","      1","root","no rank","1.0000","","","","","","",""
"456dd22f4881e1a6062fffbbdd755690dfa83174","      1","root","no rank","1.0000","","","","","","",""
"78bd28cd54d9dc8b0ad8ae66256dbae816c929ea","      1","root","no rank","1.0000","","","","","","",""
"d309ced2971b446868521a77a19c297440c2b79d","      1","root","no rank","1.0000","","","","","","",""
"908a53afe12324edc5adf3c5d068f105372cc72f","      1","root","no rank","1.0000","","","","","","",""
"8a8ead7512712226f1eb94b840d735d2cbe10ca3","      1","root","no rank","1.0000","","","","","","",""
"6ed64c740a826ea13150e6f58b30687b0fb7e2b5","      1","root","no rank","1.0000","","","","","","",""
"47a0ac7c2a5a983fc4869c237aa5a67543ea979f","      1","root","no rank","1.0000","","","","","","",""
"8b6571eeb50d79811c2088eb9cde4aa09bf625c6","      1","root","no rank","1.0000","","","","","","",""
"dcd4856c04c22217b44e2e9788f4d99f0c431a87","      1","root","no rank","1.0000","","","","","","",""
"2cc1ff5dc58ab5670dd0d8f1c8abbb13430e248c","      1","root","no rank","1.0000","","","","","","",""
"62e4d6512db37c93e0da9c0039261f3e21abf263","      1","root","no rank","1.0000","","","","","","",""
"31fe54de3c0372236f3584a922715730432ed60a","      1","root","no rank","1.0000","","","","","","",""
"b837d6740794c8866d448950ef477379d1ef1a62","      1","root","no rank","1.0000","","","","","","",""
"dcbd8afd2692202f9893ee8dc1634c8f2b51e6a3","      1","root","no rank","1.0000","","","","","","",""
"e27a38e0a8a6e8a3d6d5ac91fd4f4b9a993a19c2","      1","root","no rank","1.0000","","","","","","",""
"41ae04e5d72e9934d953d4df983287929107f3d3","      1","root","no rank","1.0000","","","","","","",""
"d8a688339257e987d2f3ffb6741562d06b40e180","      1","root","no rank","1.0000","","","","","","",""
"c79ab0b61570da651915c0b1f1737480bfee8f33","      1","root","no rank","1.0000","","","","","","",""
"255e407bf5a74b95e5520452767dd4eed18d529c","      1","root","no rank","1.0000","","","","","","",""
"aea6fe55f4dff16a1da12323a6e08667fe12ebda","      1","root","no rank","1.0000","","","","","","",""
"69098129300c6cde369b90ef7c0702f16da6c171","      1","root","no rank","1.0000","","","","","","",""
"24fc88ea466aa1f347c6c2def08e1c3bd36c9a41","      1","root","no rank","1.0000","","","","","","",""
"2e7619f45d95d3d79acf50ef433fc407c33682c5","      1","root","no rank","1.0000","","","","","","",""
"014713eb505b5ba2ef457c676f6150981e01ad39","      1","root","no rank","1.0000","","","","","","",""
"f9f7d6e5eb95c4fa61bd6da43411d6903ab3edac","      1","root","no rank","1.0000","","","","","","",""
"34d89c8c41926e52c4f3c1b1632a5ba4bc52b057","  33213","Bilateria","clade","1.0000","Metazoa","","","","","",""
"38fe44fb22339a4094e17ad04b06ab0ccd81c57e","      1","root","no rank","1.0000","","","","","","",""
"e6187ffabff6050b6d492f7860fb46f5956c3672","      1","root","no rank","1.0000","","","","","","",""
"71865862c0d0131bf8242521e0e0eb4202ef8ba7","      1","root","no rank","1.0000","","","","","","",""
"ffc83e8a1104d28b78b4d59e96934ed0be3d3579","      1","root","no rank","1.0000","","","","","","",""
"64caa072b81275ca86b61e01d71922e54263db59","      1","root","no rank","1.0000","","","","","","",""
"a30eff8387731dd188c0869431341b06165b746e","      1","root","no rank","1.0000","","","","","","",""
"269c950b24e3c69516122dfd9b9cf99f6545af14","      1","root","no rank","1.0000","","","","","","",""
"317d89972879541fe22792ebea070875b8c44d32","      1","root","no rank","1.0000","","","","","","",""
"80c35fadbc8f8a09c0feacd20d49b6d55fbb3a95","      1","root","no rank","1.0000","","","","","","",""
"b248017fbee7857e4761832a70a71f2e7407ac6d","      1","root","no rank","1.0000","","","","","","",""
"ce85925c213ffe559b95a1f49bfee09b1d6c95dc","      1","root","no rank","1.0000","","","","","","",""
"4535ee40342fa29741a2a2fd1f9efcff9edf41ef","      1","root","no rank","1.0000","","","","","","",""
"fb897429beb601cece1833e3cb142d0b7d86cea5","      1","root","no rank","1.0000","","","","","","",""
"48dc3c69dd02cdc9821497258274d8de863886ad","      1","root","no rank","1.0000","","","","","","",""
"9c22d7875bd788ec2330201b394aad767a7bfa6d","      1","root","no rank","1.0000","","","","","","",""
"5e8544bdf175461677456201e76e72b9a53fb5b8","  32523","Tetrapoda","clade","1.0000","Metazoa","Chordata","","","","",""
"4b1afc21c777205c36dbf71f8636c6471181f145","      1","root","no rank","1.0000","","","","","","",""
"fa4188086ab315dbc62f3ab9807a820cc8bd12ab","      1","root","no rank","1.0000","","","","","","",""
"1e69a7dee20cf0c81acdb9c090fcc1ba88799049","      1","root","no rank","1.0000","","","","","","",""
"3f610bd76ac174ffc6dfee55ba258deb28cbd256","      1","root","no rank","1.0000","","","","","","",""
"61d6607ef20ccb0372d001f97b873c4cd0b9cad2","      1","root","no rank","1.0000","","","","","","",""
"f91e2af1a894c7eba8d1d5440880520b2c1d53d3","      1","root","no rank","1.0000","","","","","","",""
"fe556b17808915516cbc92a3a14715f6d96f5f05","      1","root","no rank","1.0000","","","","","","",""
"d939b4bd5ca4aadadf30bb4ba905737f4935ce78","      1","root","no rank","1.0000","","","","","","",""
"cb8b081b76345a41394be087b331c60b99457916","      1","root","no rank","1.0000","","","","","","",""
"ee6468fa9389b6db99711274b483b03716ccea22","      1","root","no rank","1.0000","","","","","","",""
"b6742612290cc52c1566e4d10e46c44d84011374","      1","root","no rank","1.0000","","","","","","",""
"b37cf0aa38bcfb5ff3efab0cd84e4be670ceab72","      1","root","no rank","1.0000","","","","","","",""
"24b88583aeecf80c2bee169f80844c94fc69d8da","      1","root","no rank","1.0000","","","","","","",""
"2ad8efec568be49918375cd606338b06a2c04b56","      1","root","no rank","1.0000","","","","","","",""
"e8947a8f7091a333b126f65acdf4150a6684d781","      1","root","no rank","1.0000","","","","","","",""
"11904db429822458dac65cfaf0da8a55de2c756d","      1","root","no rank","1.0000","","","","","","",""
"6e8cd201c36c4a0558a3b2c737f048e8a9228be9","      1","root","no rank","1.0000","","","","","","",""
"e8a9c2ff1f5f38f80be5acd3c2c4be3ed89865b2","      1","root","no rank","1.0000","","","","","","",""
"6778ad6bc8e2922cf6cf8278b56d2de9929e9cd7","      1","root","no rank","1.0000","","","","","","",""
"870db1998b7dd13e765453f03a2e3b8740a94005","      1","root","no rank","1.0000","","","","","","",""
"6e8841f16b8df4b19df5ef00b5efba5b18cfd944","      1","root","no rank","1.0000","","","","","","",""
"fefe939a91fbdc04493001a9f05660f7eeaab613","      1","root","no rank","1.0000","","","","","","",""
"a1674c02e57c1c32b8ae33dee2ff1eed534561ac","      1","root","no rank","1.0000","","","","","","",""
"25ed7ca4d962902c6a395a157c4b79e7a4539aa7","      1","root","no rank","1.0000","","","","","","",""
"38059c9eb79af96680c7a235e2601c15b641f31b","      1","root","no rank","1.0000","","","","","","",""
"9c69c10d019e2de95bee367032e212ebe41a4932","      1","root","no rank","1.0000","","","","","","",""
"758d75776ae69661d72e49290d0ad5f59ac2d41a","      1","root","no rank","1.0000","","","","","","",""
"f8eed4259e6bef231048a1ed857052d09407574f","      1","root","no rank","1.0000","","","","","","",""
"0b0b8f143d2482316c149d6d3f9a5769b62e7d68","      1","root","no rank","1.0000","","","","","","",""
"9c28fc194b002c67db4c8240d74a664039e52993","      1","root","no rank","1.0000","","","","","","",""
"5d82fc46e80d62627c12851796db0cf52d9cbf46","      1","root","no rank","1.0000","","","","","","",""
"058cf9ba8b392b64856eca6387220b24f026c9c0","      1","root","no rank","1.0000","","","","","","",""
"98f987d7e415cfd5b275a5a71b5732b69574c0e5","      1","root","no rank","1.0000","","","","","","",""
"dad1abcbcc2c45678cdcdf1e82bbc4299a311c69","      1","root","no rank","1.0000","","","","","","",""
"8b1ec99ca72b104fe6a3f876e5fedbb6afb9a7bd","      1","root","no rank","1.0000","","","","","","",""
"91222954d163807853a403c42cad4d025c4ba658","      1","root","no rank","1.0000","","","","","","",""
"6dca2cbbaafce099ac7e0f1c8115cdb1ed654d38","      1","root","no rank","1.0000","","","","","","",""
"541a31bacf1d3d027b9d32af67e66b5e12d711ba","      1","root","no rank","1.0000","","","","","","",""
"8bd69df14ab51f5429a2231ebc11377ddeb84f43","      1","root","no rank","1.0000","","","","","","",""
"df0ab9993baa7f2e96080cf75b49cb177ab11ef4","      1","root","no rank","1.0000","","","","","","",""
"a27e51328266af0c93c09d7397833b27e80a7ff4","      1","root","no rank","1.0000","","","","","","",""
"64022021a00bd93acc4bcd78f9942e42d0bcb4ab","      1","root","no rank","1.0000","","","","","","",""
"8f7561a14b44115ac84370b604a4160a734e0426","      1","root","no rank","1.0000","","","","","","",""
"267aa7fd1982ad1231f15695eab5d5d802650fd1","      1","root","no rank","1.0000","","","","","","",""
"108edb123939b8ce9e42aa2570a66ac05d6ff00c","      1","root","no rank","1.0000","","","","","","",""
"64165b2b512e4a2c7a5c71789157fb1bddbb0c41","      1","root","no rank","1.0000","","","","","","",""
"68a5736399050b07285d3d0c42df767359e3afe5","      1","root","no rank","1.0000","","","","","","",""
"e63bb95cb84bcb19acba5f02d21b8043630c6051","      1","root","no rank","1.0000","","","","","","",""
"9c63951bc7718347121f8dc1f6c28b441f156d49","      1","root","no rank","1.0000","","","","","","",""
"c46cfef421d47bd04a1cd9f5a527b65e9c0ac507","      1","root","no rank","1.0000","","","","","","",""
"b226d6303201ebab8f014ac44169586f329e199c","      1","root","no rank","1.0000","","","","","","",""
"923b18b6c3db601c43dc017883efe49d4e9a9a6b","      1","root","no rank","1.0000","","","","","","",""
"0c6f21a9a52db6cb6374e48e503928354d88f2cd","      1","root","no rank","1.0000","","","","","","",""
"25e8531396b00cb9cdd8c87db81331ec1a0ee28e"," 123368","Acanthomorphata","clade","0.9997","Metazoa","Chordata","Actinopteri","","","",""
"a229a3b8eff6e221174aad448c63021ac48fb402","      1","root","no rank","1.0000","","","","","","",""
"e9fa68581a38c66d1892e35a0fa0927a6f86fa7e","      1","root","no rank","1.0000","","","","","","",""
"19ee695651825f38b58faabaf87253de424f85b4","      1","root","no rank","1.0000","","","","","","",""
"9b911272bdfb737b501f6083c1885ce4f2256c3b","      1","root","no rank","1.0000","","","","","","",""
"4626aea74bea72f4b7291343b1272a4c8414409d","      1","root","no rank","1.0000","","","","","","",""
"6952ceb01d0c150fdd6a945069aa79b6a73ccd7d","      1","root","no rank","1.0000","","","","","","",""
"cbadda6102033b227136c2bf928e74f3196c841c","      1","root","no rank","1.0000","","","","","","",""
"54e842e6e1332f716a63aa1d5041821b996dd61b","      1","root","no rank","1.0000","","","","","","",""
"de56d16f632dc257d00e663b04c39b00cbf52fc6","      1","root","no rank","1.0000","","","","","","",""
"72422674cae79d4cd756926f079e9f49655b33ce","      1","root","no rank","1.0000","","","","","","",""
"84a14286f9b474ac3cb3d9a9110f8238ae44a3ed","      1","root","no rank","1.0000","","","","","","",""
"5e02178ee8d11111ad919c2eec347e39ca2ed4e0","      1","root","no rank","1.0000","","","","","","",""
"d13e5a8509d41cd56f1ae55730c5948fa2c8a6fe","      1","root","no rank","1.0000","","","","","","",""
"6d2e118169bf6387a3411a6dda85e5cc3b6aba8d","      1","root","no rank","1.0000","","","","","","",""
"73b2b021c578a428967e69a556261abe306735d6","      1","root","no rank","1.0000","","","","","","",""
"36b45708961aa13156403d681c0e83cd56a4a3fd","      1","root","no rank","1.0000","","","","","","",""
"e1373d05cdad3a7deada13ee3064290639fd5b7e","      1","root","no rank","1.0000","","","","","","",""
"a1762b251c46929df7966fdd4c2afbe040d29339","      1","root","no rank","1.0000","","","","","","",""
"519ee7f7634afb721b8c522b65041fa69087644c","      1","root","no rank","1.0000","","","","","","",""
"7d5ceb226485cafc5fc501642099c84dfc7214cc","      1","root","no rank","1.0000","","","","","","",""
"2c4399e6c98da0b3ec12a3bc497c9be98ad71ca7","      1","root","no rank","1.0000","","","","","","",""
"4a01b7017c324adb337f048cf1f726132f662d28","      1","root","no rank","1.0000","","","","","","",""
"e27606116d9be47e828bc84a91ae23b520647218","      1","root","no rank","1.0000","","","","","","",""
"7dd1ce9c3d77e8e6a2ac410eb5071b8e36790338","      1","root","no rank","1.0000","","","","","","",""
"8bfe4e6d52f5fca0e06bafc71b844280d6bc1708","      1","root","no rank","1.0000","","","","","","",""
"689ae00a5a449439f9b3ac14118b9a5bea8af6ba","      1","root","no rank","1.0000","","","","","","",""
"561b2c513795fc7c75041fcf4b5857b846e8c8c0","      1","root","no rank","1.0000","","","","","","",""
"bf5175e87dfbbb82f4d7de7836e89dbbee714a07","      1","root","no rank","1.0000","","","","","","",""
"d928f0cd46b93629bb0091d78cf8bb4923b84460","      1","root","no rank","1.0000","","","","","","",""
"771a2a4476df29293588e8d4110dec17e613cd0b","      1","root","no rank","1.0000","","","","","","",""
"76ba534da6f9c9e4f9843ec782a36f36b161bfdc","      1","root","no rank","1.0000","","","","","","",""
"6583b301e091afeb076282ee6336ac092fd5c1b2","      1","root","no rank","1.0000","","","","","","",""
"b719b22c67c9dc6563392fb7618a033165ff6fe0","      1","root","no rank","1.0000","","","","","","",""
"05bb4e6a44d04b932b4989d7cf14b049544c31ac","      1","root","no rank","1.0000","","","","","","",""
"af0ab3171322ab592fa27d89b51188f55dd637c4","      1","root","no rank","1.0000","","","","","","",""
"ea7a6662dbe74c809e7e43d284da256b24571ec7","      1","root","no rank","1.0000","","","","","","",""
"b0ef37e7984b1538e2f0d61cb5b2491ca838440a","      1","root","no rank","1.0000","","","","","","",""
"07ad569c4631c3b3bc80ae2eee1ae0f4a31f1684","      1","root","no rank","1.0000","","","","","","",""
"c64b39e0fd98ecdac8035d525e432cf848491b33","      1","root","no rank","1.0000","","","","","","",""
"d1719fcff9a2bf8807bfee7ce99be00cd14ded6e","      1","root","no rank","1.0000","","","","","","",""
"51d1ce9d41215019ef265d5eed4f2383b9b675b9","      1","root","no rank","1.0000","","","","","","",""
"576d6c305dfe19885422a03992d5beb9b5c70c64","      1","root","no rank","1.0000","","","","","","",""
"99afcdca9d7798630308c35d43533dbb4ab6caaf","      1","root","no rank","1.0000","","","","","","",""
"82ff12403e877384a7a46249b144e9cad3a5be8b","      1","root","no rank","1.0000","","","","","","",""
"f7b1a32e81ba360550343229cb88a2affce49e0b","  40674","Mammalia","class","0.9997","Metazoa","Chordata","Mammalia","","","",""
"f32acbc9ac78a511e96e378b2a5154d7b044a53e","      1","root","no rank","1.0000","","","","","","",""
"bc1b5d70e47b326b18a4d07c3aba7a82f53d6303","      1","root","no rank","1.0000","","","","","","",""
"f10346a295fe75de38128ed3c1c4cd84fddd0384","      1","root","no rank","1.0000","","","","","","",""
"d2783700c79a6fbdbaaa41f38a72cd133971f5ec","      1","root","no rank","1.0000","","","","","","",""
"7459ed39ce5db34efc09676d160062920fd0a5bc","      1","root","no rank","1.0000","","","","","","",""
"e2b62a4d61f8ca164706027e5358e89128d64145","      1","root","no rank","1.0000","","","","","","",""
"68818750614e483fdd264d997fab1df3161bbb97","      1","root","no rank","1.0000","","","","","","",""
"e4fc6411ff5120e9d3df6766f46d1e432580588b","      1","root","no rank","1.0000","","","","","","",""
"9293d56d9a72bf262d25333de1fc4973b9a05652","      1","root","no rank","1.0000","","","","","","",""
"e9c933614f086bc7570e2fc3adf734c554cf3bc7","      1","root","no rank","1.0000","","","","","","",""
"710f366c0b3b248e893811b940ad5e7d49290ca6","      1","root","no rank","1.0000","","","","","","",""
"94e55cd82603c9dd5ceb2b3e1e2b28ab86fba982","      1","root","no rank","1.0000","","","","","","",""
"c351c5ad2075393a31cccdc505e1a5eec3e70b2a","      1","root","no rank","1.0000","","","","","","",""
"4905c81cb8226a5460b04c02c24d0a645f2cf086","      1","root","no rank","1.0000","","","","","","",""
"4654904e21e416a67633a23f8915937c961d67bc","      1","root","no rank","1.0000","","","","","","",""
"bac31c4e3ef6dd164bd7bf59828fec03ce884f44","      1","root","no rank","1.0000","","","","","","",""
"8d8e24994e977a6ceb5eed0ebd86f655eee61688","      1","root","no rank","1.0000","","","","","","",""
"61db62f7e45ec35fe4da1016d34a65515568004d","      1","root","no rank","1.0000","","","","","","",""
"9a814e73efc415f218b0905a62ca4efd6c7ff97e","      1","root","no rank","1.0000","","","","","","",""
"b4184a59e9ba76d2cc0411ea27234d8ad74ee511","      1","root","no rank","1.0000","","","","","","",""
"5fe8427aec211ef319d00d97751d9f94945519c1","      1","root","no rank","1.0000","","","","","","",""
"2105258752c1ca814bdc438b497c71aa6722d276","      1","root","no rank","1.0000","","","","","","",""
"266f06e11142f8c2e4288db05f8fe06192c32ff3","      1","root","no rank","1.0000","","","","","","",""
"d8b1d32d3d55b9283a9db3d4c11eebe83e9fdc80","      1","root","no rank","1.0000","","","","","","",""
"dccdd24a373e347ce9455dc620658aeae76be116","      1","root","no rank","1.0000","","","","","","",""
"bf16bc27e15db3aeadfa61516101228a4d581844","      1","root","no rank","1.0000","","","","","","",""
"095c1ea8d243903cfd823b7743d6eaa44124258e","      1","root","no rank","1.0000","","","","","","",""
"8040143eb182a2603e041bd14ffb14ebdae52e3b","      1","root","no rank","1.0000","","","","","","",""
"ef3826155552e976395e607c38e4465cf8c007c8","      1","root","no rank","1.0000","","","","","","",""
"2b3bc28d27109be61167eda3b0e36b83d1584786","      1","root","no rank","1.0000","","","","","","",""
"bd58c2d5faea2d4d2c86847b175caa1cfe9942ae","      1","root","no rank","1.0000","","","","","","",""
"c05b894e2ec8a3406a0e41f29f35b0a2215d81a8","      1","root","no rank","1.0000","","","","","","",""
"33873de1ba0f09067c24b38d0355d4d97a8e5718","      1","root","no rank","1.0000","","","","","","",""
"64eaa2b61c533c0a8d1ff53a8c3b7f0b0e4cdda6","      1","root","no rank","1.0000","","","","","","",""
"aef2d4090f90db3f40dfdf4a3b17c13fe3241973","      1","root","no rank","1.0000","","","","","","",""
"97c34b5fc194f9acc9d07cac415a2f5ceb3f65e4","      1","root","no rank","1.0000","","","","","","",""
"9600455fecd7a230d586924c27d825b3b9c2397d","      1","root","no rank","1.0000","","","","","","",""
"ef99bc25b0fbd02f6cb19c6d213d820ef09fdf0f","      1","root","no rank","1.0000","","","","","","",""
"923dbda7bb40265f10fd433a5e11557da9bff0a1","      1","root","no rank","1.0000","","","","","","",""
"4cb942c0af350c956d22fdc44312329670c5f527","      1","root","no rank","1.0000","","","","","","",""
"895c4a5519ff05a4c6ef9769215623daf3006cc0","      1","root","no rank","1.0000","","","","","","",""
"ca7670198b98b0cc0534c3b6a4d9deddf3d1fc32","      1","root","no rank","1.0000","","","","","","",""
"a0ddaeb1b7bc4db93fd2ceec206c69b99f6bfc45","      1","root","no rank","1.0000","","","","","","",""
"469d720219909cf8ff6a8f0824e43cdcd0bda301","      1","root","no rank","1.0000","","","","","","",""
"8a179428e37039b1a332a998d0617fd594d0dc3a","      1","root","no rank","1.0000","","","","","","",""
"6b8fb45e51bfcc9ba6b9f75c289bf3b3349f456e","      1","root","no rank","1.0000","","","","","","",""
"c744b2a60ae16f49979ea72921b368d2c61a3f0a","      1","root","no rank","1.0000","","","","","","",""
"fe55f4be497902429201a6f800939eb1d0c5c8ab","      1","root","no rank","1.0000","","","","","","",""
"189e36e3d949fe8d71b22b02367862d0037b05a9","      1","root","no rank","1.0000","","","","","","",""
"346e4494ddee438c4f0f24e319d15be99a9fd945","      1","root","no rank","1.0000","","","","","","",""
"63744fdf3e18be9a58e05e6255ac6a132dddc66c","      1","root","no rank","1.0000","","","","","","",""
"3350435419d1027c04474005a3f51fd177118008","1489341","Osteoglossocephalai","clade","0.9996","Metazoa","Chordata","Actinopteri","","","",""
"e3d69ed5705016a73b63910d68981cd6a363c7ae","      1","root","no rank","1.0000","","","","","","",""
"abfc69e1370bc602353152ffeb9725f56ff72847","      1","root","no rank","1.0000","","","","","","",""
"b2ae29ae5cf850a33ede943d49b0662ef13e61d1","      1","root","no rank","1.0000","","","","","","",""
"cc5eb2eb7d1471fdb513a1ed3b766762f02bfff7","      1","root","no rank","1.0000","","","","","","",""
"891fa6a46d07e92e87766d57d6e4da5ddfacee63","      1","root","no rank","1.0000","","","","","","",""
"da12ff0b04e471b3069885845c800c44f5a19f34","      1","root","no rank","1.0000","","","","","","",""
"8c80b9032e1bf534895064a654bd965153577183","      1","root","no rank","1.0000","","","","","","",""
"261e0ad2b1db2498f55b6918b347de0a65588dbd","      1","root","no rank","1.0000","","","","","","",""
"9b54f18a54e91cf2b017f6a9e6b20b15dfbff766","      1","root","no rank","1.0000","","","","","","",""
"cf192f332443f38dbcb845ac23c8bd9f6b2ab64b","      1","root","no rank","1.0000","","","","","","",""
"e29c9677ff1f4429b30e766a9e164d71650cea7b","      1","root","no rank","1.0000","","","","","","",""
"c61d6ce0c966b8fff606e796e88a2de999dcc868","      1","root","no rank","1.0000","","","","","","",""
"e12f257b64ed928ce13d40e38a745e97625d9cbb","      1","root","no rank","1.0000","","","","","","",""
"b8d95b2c0489147a43dd3c34adea4127114e11d3","      1","root","no rank","1.0000","","","","","","",""
"722380c057217c1cde78910942ca06c327f1b35b","      1","root","no rank","1.0000","","","","","","",""
"5ca5dc13687c229eed07335803b6ac8b15602622","      1","root","no rank","1.0000","","","","","","",""
"83689be4ca7567a883ff671645e3243114d7aa56","      1","root","no rank","1.0000","","","","","","",""
"1e3106ca3361426723c3ee647b9091474da5a279","      1","root","no rank","1.0000","","","","","","",""
"9314f52be66e38983737ae88a68f4cabe723800c","      1","root","no rank","1.0000","","","","","","",""
"e8c2bfca3a2af407d15bf31745f72d5b05e7065b","      1","root","no rank","1.0000","","","","","","",""
"ec1526f8aba97ac211f77efc833e8c6cb278388e","  33213","Bilateria","clade","1.0000","Metazoa","","","","","",""
"435c16414e5690d6df50665d4239eea290661196","   9126","Passeriformes","order","1.0000","Metazoa","Chordata","Aves","Passeriformes","","",""
"373203f99841f5a80e2bc0e20fcc85ac9944d9ca","      1","root","no rank","1.0000","","","","","","",""
"9fa730571270c1609f5a840fb515e0b9a1e45b47","      1","root","no rank","1.0000","","","","","","",""
"215a1f59dbebd89ecaf8223653610b041c1e6baa","  63520","Piranga ludoviciana","species",NA,"Metazoa","Chordata","Aves","Passeriformes","Thraupidae","Piranga","Piranga ludoviciana"
"7b2dbfa6341e4545136561e31b3e22804fdca900","      1","root","no rank","1.0000","","","","","","",""
"e2f01f7aaa19394626b73350400a7ddf234c41b3","      1","root","no rank","1.0000","","","","","","",""
"2e01bdb84ad5aba888cacf814458c0ce6d731e9b","      1","root","no rank","1.0000","","","","","","",""
"c4065e1313ff1f02102ee275af7bdd84c355bd48","      1","root","no rank","1.0000","","","","","","",""
"911fb8bd23f123c037f1b7c9decaec4afafc8277","      1","root","no rank","1.0000","","","","","","",""
"a252ed515723bfb8f1b48694ebda52e5a79006d0","      1","root","no rank","1.0000","","","","","","",""
"a5a941c6ce17f0778de699ebd9785d6d1222b469","      1","root","no rank","1.0000","","","","","","",""
"1f4da29e5e54b6e2fb8a85ba6f6098219524cc9a","      1","root","no rank","1.0000","","","","","","",""
"08522c2a3abaf5d2097b514912bc8058e2a147cc","      1","root","no rank","1.0000","","","","","","",""
"312f4a32092bb2abb5b05bcbaa0daab80e3a8d02","      1","root","no rank","1.0000","","","","","","",""
"1cc2acb7e0eebbe559a58b7eb11010d20257c96d","      1","root","no rank","1.0000","","","","","","",""
"4cc41e662c82239c20d414581dc6d38ad95962d3","  33213","Bilateria","clade","1.0000","Metazoa","","","","","",""
"3aa60397780753bcf2c26f3be8b9ed5180ff691f","      1","root","no rank","1.0000","","","","","","",""
"bd8d0a50d8855ccb4b77dded58a7a8354bd93624","      1","root","no rank","1.0000","","","","","","",""
"58125316594eed6743671e4a90f99be9be25bc42","      1","root","no rank","1.0000","","","","","","",""
"4f0bbb251ad1692103ddfb0d0d348a8401d4302f","      1","root","no rank","1.0000","","","","","","",""
"b18c2f5222d90fd9eaf9b80ec93e581ab3bf4f19","      1","root","no rank","1.0000","","","","","","",""
"9ab851b8a663834716d9387fd4063aaeb8d1a575","      1","root","no rank","1.0000","","","","","","",""
"ba23daab4c177a8b2181fed3a95ad59ec576c59c","      1","root","no rank","1.0000","","","","","","",""
"027947eeefa06c3d18b31cfe18f5dc3f15ef4101","      1","root","no rank","1.0000","","","","","","",""
"5ec0e006406531c3a53da2cc7c369ea67ae4cba4","      1","root","no rank","1.0000","","","","","","",""
"1518308cf6f04ce80298f4ecd88bd3b1278a76fb","      1","root","no rank","1.0000","","","","","","",""
"05252aee18ac9f151100f4004a79c32fd180ccb3","      1","root","no rank","1.0000","","","","","","",""
"22449f2843c42631a82220b97242e0fa6ebd57d9","      1","root","no rank","1.0000","","","","","","",""
"9c78626bbf0c821b66be34535f3dfa98b5ec7faa","      1","root","no rank","1.0000","","","","","","",""
"9673715965a189f66aa251f74087f2ec9750a2d2","      1","root","no rank","1.0000","","","","","","",""
"d0c9c49abb3b1c3a9c90a692afd32fd26cc7c0f8","      1","root","no rank","1.0000","","","","","","",""
"4c2c5c9a27915af73a3681ba2b8d551be44ffede","      1","root","no rank","1.0000","","","","","","",""
"31051b645c5b37610eb7f069eb17f4b0bb53f0d0","      1","root","no rank","1.0000","","","","","","",""
"e532e4e6da2a6ea91d7644fe9c7ab35c906a11f4","      1","root","no rank","1.0000","","","","","","",""
"e8ab3edae40564cb155f4932f5cba12fe3027207","      1","root","no rank","1.0000","","","","","","",""
"1192ab008b193780fd5b19018d8942544fdb6d82","      1","root","no rank","1.0000","","","","","","",""
"e235fd902ad19821aaa56f1e66929216ca842662","      1","root","no rank","1.0000","","","","","","",""
"dbfc4c5bd03f414677d0dec505587c7ea976c514","1437010","Boreoeutheria","clade","1.0000","Metazoa","Chordata","Mammalia","","","",""
"3c55bfffc762cd4c06087cd499d566ad9884ca63","      1","root","no rank","1.0000","","","","","","",""
"4988979f8954244992ea30a3498ba92209607719","      1","root","no rank","1.0000","","","","","","",""
"b9d9aa44a9fc35f32650e7830da13179d3c0f8c0","      1","root","no rank","1.0000","","","","","","",""
"c4c6ccc4188c7ec7504b40303e07a6cc8fb366de","      1","root","no rank","1.0000","","","","","","",""
"a01419443869217943c01ac81c681bcc08e2bec8","      1","root","no rank","1.0000","","","","","","",""
"c5b91bfde4a32c0dbbcaa7e4e62cfcdc7ef4b477","      1","root","no rank","1.0000","","","","","","",""
"f4ae5d8e36758ff80bb9e79f03661e4f1ee3e148","      1","root","no rank","1.0000","","","","","","",""
"2b61a7de249da33a0d4e1152d925a30e070b17c6","      1","root","no rank","1.0000","","","","","","",""
"4243cb228f71008eec6078e93bd1ea48a5221642","      1","root","no rank","1.0000","","","","","","",""
"01837fc2b4733b9d79c722eafdee729bd7256a08","      1","root","no rank","1.0000","","","","","","",""
"21e44335cf9462d2c01a9f2903445e57bc9097e7","      1","root","no rank","1.0000","","","","","","",""
"e0e03fe0c2e7fe4adb335fa42b7bfbaca57cc158","      1","root","no rank","1.0000","","","","","","",""
"e8242336dcd60977bce16016ba7be1a5603b8070","      1","root","no rank","1.0000","","","","","","",""
"41af2b0a1489c97ba1aa7f40037fc86b9742af8b","      1","root","no rank","1.0000","","","","","","",""
"fe64e3912c2a7fe4b6da1cdbdc066c5c09213c66","      1","root","no rank","1.0000","","","","","","",""
"fad2e85eed45a00b2e0e9b6e6165cbdbecd73918","      1","root","no rank","1.0000","","","","","","",""
"1c9241baa33d1bcfcf905b891491e400fc887bd4","  33213","Bilateria","clade","1.0000","Metazoa","","","","","",""
"c30cfa4252af86c2d3780f49571758277315c289","   9611","Canis","genus",NA,"Metazoa","Chordata","Mammalia","Carnivora","Canidae","Canis",""
"09e254793d9822772b6b9c4525b21a5d9fbb799e","      1","root","no rank","1.0000","","","","","","",""
"063d83a9a003be0d5def010048b40076ab47b8a4","      1","root","no rank","1.0000","","","","","","",""
"b3083356b310428787bbd32577ea02a536e3e64b","      1","root","no rank","1.0000","","","","","","",""
"9f5bea008979a677f44b0edeb209667a2ffc45e1","      1","root","no rank","1.0000","","","","","","",""
"e1d248723543cc4f5e58155a6e5a97a974f99c38","      1","root","no rank","1.0000","","","","","","",""
