Sample_name,file1,file2,i7_Index_Name,i5_Index_Name,Well,PrimerF,PrimerR,Locus
1,1_S1_L001_R1_001.fastq,1_S1_L001_R2_001.fastq,UDP0001,UDP0001,A1,GCCGGTAAAACTCGTGCCAGC,CATAGTGGGGTATCTAATCCCAGTTTG,MiFish
2,2_S2_L001_R1_001.fastq,2_S2_L001_R2_001.fastq,UDP0002,UDP0002,B1,GCCGGTAAAACTCGTGCCAGC,CATAGTGGGGTATCTAATCCCAGTTTG,MiFish
3,3_S3_L001_R1_001.fastq,3_S3_L001_R2_001.fastq,UDP0003,UDP0003,C1,GCCGGTAAAACTCGTGCCAGC,CATAGTGGGGTATCTAATCCCAGTTTG,MiFish
4,4_S4_L001_R1_001.fastq,4_S4_L001_R2_001.fastq,UDP0004,UDP0004,D1,GCCGGTAAAACTCGTGCCAGC,CATAGTGGGGTATCTAATCCCAGTTTG,MiFish
5,5_S5_L001_R1_001.fastq,5_S5_L001_R2_001.fastq,UDP0005,UDP0005,E1,GCCGGTAAAACTCGTGCCAGC,CATAGTGGGGTATCTAATCCCAGTTTG,MiFish
6,6_S6_L001_R1_001.fastq,6_S6_L001_R2_001.fastq,UDP0006,UDP0006,F1,GCCGGTAAAACTCGTGCCAGC,CATAGTGGGGTATCTAATCCCAGTTTG,MiFish
7,7_S7_L001_R1_001.fastq,7_S7_L001_R2_001.fastq,UDP0007,UDP0007,G1,GCCGGTAAAACTCGTGCCAGC,CATAGTGGGGTATCTAATCCCAGTTTG,MiFish
8,8_S8_L001_R1_001.fastq,8_S8_L001_R2_001.fastq,UDP0008,UDP0008,H1,GCCGGTAAAACTCGTGCCAGC,CATAGTGGGGTATCTAATCCCAGTTTG,MiFish
9,9_S9_L001_R1_001.fastq,9_S9_L001_R2_001.fastq,UDP0009,UDP0009,A2,GCCGGTAAAACTCGTGCCAGC,CATAGTGGGGTATCTAATCCCAGTTTG,MiFish
10,10_S10_L001_R1_001.fastq,10_S10_L001_R2_001.fastq,UDP0010,UDP0010,B2,GCCGGTAAAACTCGTGCCAGC,CATAGTGGGGTATCTAATCCCAGTTTG,MiFish
11,11_S11_L001_R1_001.fastq,11_S11_L001_R2_001.fastq,UDP0011,UDP0011,C2,GCCGGTAAAACTCGTGCCAGC,CATAGTGGGGTATCTAATCCCAGTTTG,MiFish
12,12_S12_L001_R1_001.fastq,12_S12_L001_R2_001.fastq,UDP0012,UDP0012,D2,GCCGGTAAAACTCGTGCCAGC,CATAGTGGGGTATCTAATCCCAGTTTG,MiFish
13,13_S13_L001_R1_001.fastq,13_S13_L001_R2_001.fastq,UDP0013,UDP0013,E2,GCCGGTAAAACTCGTGCCAGC,CATAGTGGGGTATCTAATCCCAGTTTG,MiFish
14,14_S14_L001_R1_001.fastq,14_S14_L001_R2_001.fastq,UDP0014,UDP0014,F2,GCCGGTAAAACTCGTGCCAGC,CATAGTGGGGTATCTAATCCCAGTTTG,MiFish
15,15_S15_L001_R1_001.fastq,15_S15_L001_R2_001.fastq,UDP0015,UDP0015,G2,GCCGGTAAAACTCGTGCCAGC,CATAGTGGGGTATCTAATCCCAGTTTG,MiFish
16,16_S16_L001_R1_001.fastq,16_S16_L001_R2_001.fastq,UDP0016,UDP0016,H2,GCCGGTAAAACTCGTGCCAGC,CATAGTGGGGTATCTAATCCCAGTTTG,MiFish
17,17_S17_L001_R1_001.fastq,17_S17_L001_R2_001.fastq,UDP0017,UDP0017,A3,GCCGGTAAAACTCGTGCCAGC,CATAGTGGGGTATCTAATCCCAGTTTG,MiFish
18,18_S18_L001_R1_001.fastq,18_S18_L001_R2_001.fastq,UDP0018,UDP0018,B3,GCCGGTAAAACTCGTGCCAGC,CATAGTGGGGTATCTAATCCCAGTTTG,MiFish
19,19_S19_L001_R1_001.fastq,19_S19_L001_R2_001.fastq,UDP0020,UDP0020,D3,GGGTTGGTAAATTTCGTGCCAGC,CATAGTGGGGTATCTAATCCCAGTTTG,MiMammal
20,20_S20_L001_R1_001.fastq,20_S20_L001_R2_001.fastq,UDP0021,UDP0021,E3,GGGTTGGTAAATTTCGTGCCAGC,CATAGTGGGGTATCTAATCCCAGTTTG,MiMammal
21,21_S21_L001_R1_001.fastq,21_S21_L001_R2_001.fastq,UDP0022,UDP0022,F3,GGGTTGGTAAATTTCGTGCCAGC,CATAGTGGGGTATCTAATCCCAGTTTG,MiMammal
22,22_S22_L001_R1_001.fastq,22_S22_L001_R2_001.fastq,UDP0023,UDP0023,G3,GGGTTGGTAAATTTCGTGCCAGC,CATAGTGGGGTATCTAATCCCAGTTTG,MiMammal
23,23_S23_L001_R1_001.fastq,23_S23_L001_R2_001.fastq,UDP0024,UDP0024,H3,GGGTTGGTAAATTTCGTGCCAGC,CATAGTGGGGTATCTAATCCCAGTTTG,MiMammal
24,24_S24_L001_R1_001.fastq,24_S24_L001_R2_001.fastq,UDP0025,UDP0025,A4,GGGTTGGTAAATTTCGTGCCAGC,CATAGTGGGGTATCTAATCCCAGTTTG,MiMammal
25,25_S25_L001_R1_001.fastq,25_S25_L001_R2_001.fastq,UDP0026,UDP0026,B4,GGGTTGGTAAATTTCGTGCCAGC,CATAGTGGGGTATCTAATCCCAGTTTG,MiMammal
26,26_S26_L001_R1_001.fastq,26_S26_L001_R2_001.fastq,UDP0027,UDP0027,C4,GGGTTGGTAAATTTCGTGCCAGC,CATAGTGGGGTATCTAATCCCAGTTTG,MiMammal
27,27_S27_L001_R1_001.fastq,27_S27_L001_R2_001.fastq,UDP0028,UDP0028,D4,GGGTTGGTAAATTTCGTGCCAGC,CATAGTGGGGTATCTAATCCCAGTTTG,MiMammal
28,28_S28_L001_R1_001.fastq,28_S28_L001_R2_001.fastq,UDP0029,UDP0029,E4,GGGTTGGTAAATTTCGTGCCAGC,CATAGTGGGGTATCTAATCCCAGTTTG,MiMammal
29,29_S29_L001_R1_001.fastq,29_S29_L001_R2_001.fastq,UDP0030,UDP0030,F4,GGGTTGGTAAATTTCGTGCCAGC,CATAGTGGGGTATCTAATCCCAGTTTG,MiMammal
30,30_S30_L001_R1_001.fastq,30_S30_L001_R2_001.fastq,UDP0031,UDP0031,G4,GGGTTGGTAAATTTCGTGCCAGC,CATAGTGGGGTATCTAATCCCAGTTTG,MiMammal
31,31_S31_L001_R1_001.fastq,31_S31_L001_R2_001.fastq,UDP0032,UDP0032,H4,GGGTTGGTAAATTTCGTGCCAGC,CATAGTGGGGTATCTAATCCCAGTTTG,MiMammal
32,32_S32_L001_R1_001.fastq,32_S32_L001_R2_001.fastq,UDP0033,UDP0033,A5,GGGTTGGTAAATTTCGTGCCAGC,CATAGTGGGGTATCTAATCCCAGTTTG,MiMammal
33,33_S33_L001_R1_001.fastq,33_S33_L001_R2_001.fastq,UDP0034,UDP0034,B5,GGGTTGGTAAATTTCGTGCCAGC,CATAGTGGGGTATCTAATCCCAGTTTG,MiMammal
34,34_S34_L001_R1_001.fastq,34_S34_L001_R2_001.fastq,UDP0035,UDP0035,C5,CCTTTTGCATCATGATTTAGC,CAGGTGGCTGCTTTTAGGC,Ac16S
35,35_S35_L001_R1_001.fastq,35_S35_L001_R2_001.fastq,UDP0036,UDP0036,D5,CCTTTTGCATCATGATTTAGC,CAGGTGGCTGCTTTTAGGC,Ac16S
36,36_S36_L001_R1_001.fastq,36_S36_L001_R2_001.fastq,UDP0037,UDP0037,E5,CCTTTTGCATCATGATTTAGC,CAGGTGGCTGCTTTTAGGC,Ac16S
37,37_S37_L001_R1_001.fastq,37_S37_L001_R2_001.fastq,UDP0038,UDP0038,F5,CCTTTTGCATCATGATTTAGC,CAGGTGGCTGCTTTTAGGC,Ac16S
38,38_S38_L001_R1_001.fastq,38_S38_L001_R2_001.fastq,UDP0039,UDP0039,G5,CCTTTTGCATCATGATTTAGC,CAGGTGGCTGCTTTTAGGC,Ac16S
39,39_S39_L001_R1_001.fastq,39_S39_L001_R2_001.fastq,UDP0040,UDP0040,H5,CCTTTTGCATCATGATTTAGC,CAGGTGGCTGCTTTTAGGC,Ac16S
40,40_S40_L001_R1_001.fastq,40_S40_L001_R2_001.fastq,UDP0041,UDP0041,A6,CCTTTTGCATCATGATTTAGC,CAGGTGGCTGCTTTTAGGC,Ac16S
41,41_S41_L001_R1_001.fastq,41_S41_L001_R2_001.fastq,UDP0042,UDP0042,B6,CCTTTTGCATCATGATTTAGC,CAGGTGGCTGCTTTTAGGC,Ac16S
42,42_S42_L001_R1_001.fastq,42_S42_L001_R2_001.fastq,UDP0043,UDP0043,C6,CCTTTTGCATCATGATTTAGC,CAGGTGGCTGCTTTTAGGC,Ac16S
43,43_S43_L001_R1_001.fastq,43_S43_L001_R2_001.fastq,UDP0044,UDP0044,D6,CCTTTTGCATCATGATTTAGC,CAGGTGGCTGCTTTTAGGC,Ac16S
44,44_S44_L001_R1_001.fastq,44_S44_L001_R2_001.fastq,UDP0045,UDP0045,E6,CCTTTTGCATCATGATTTAGC,CAGGTGGCTGCTTTTAGGC,Ac16S
45,45_S45_L001_R1_001.fastq,45_S45_L001_R2_001.fastq,UDP0046,UDP0046,F6,CCTTTTGCATCATGATTTAGC,CAGGTGGCTGCTTTTAGGC,Ac16S
46,46_S46_L001_R1_001.fastq,46_S46_L001_R2_001.fastq,UDP0047,UDP0047,G6,CCTTTTGCATCATGATTTAGC,CAGGTGGCTGCTTTTAGGC,Ac16S
47,47_S47_L001_R1_001.fastq,47_S47_L001_R2_001.fastq,UDP0048,UDP0048,H6,CCTTTTGCATCATGATTTAGC,CAGGTGGCTGCTTTTAGGC,Ac16S
48,48_S48_L001_R1_001.fastq,48_S48_L001_R2_001.fastq,UDP0049,UDP0049,A7,CCTTTTGCATCATGATTTAGC,CAGGTGGCTGCTTTTAGGC,Ac16S
49,49_S49_L001_R1_001.fastq,49_S49_L001_R2_001.fastq,UDP0050,UDP0050,B7,CCTTTTGCATCATGATTTAGC,CAGGTGGCTGCTTTTAGGC,Ac16S
50,50_S50_L001_R1_001.fastq,50_S50_L001_R2_001.fastq,UDP0051,UDP0051,C7,CCTTTTGCATCATGATTTAGC,CAGGTGGCTGCTTTTAGGC,Ac16S
51,51_S51_L001_R1_001.fastq,51_S51_L001_R2_001.fastq,UDP0052,UDP0052,D7,CCTTTTGCATCATGATTTAGC,CAGGTGGCTGCTTTTAGGC,Ac16S
52,52_S52_L001_R1_001.fastq,52_S52_L001_R2_001.fastq,UDP0054,UDP0054,F7,TANACYTCNGGRTGNCCRAARAAYCA,GGWACWRGWTGRACWNTNTAYCCYCC,LerayXT
53,53_S53_L001_R1_001.fastq,53_S53_L001_R2_001.fastq,UDP0055,UDP0055,G7,TANACYTCNGGRTGNCCRAARAAYCA,GGWACWRGWTGRACWNTNTAYCCYCC,LerayXT
54,54_S54_L001_R1_001.fastq,54_S54_L001_R2_001.fastq,UDP0056,UDP0056,H7,TANACYTCNGGRTGNCCRAARAAYCA,GGWACWRGWTGRACWNTNTAYCCYCC,LerayXT
55,55_S55_L001_R1_001.fastq,55_S55_L001_R2_001.fastq,UDP0057,UDP0057,A8,TANACYTCNGGRTGNCCRAARAAYCA,GGWACWRGWTGRACWNTNTAYCCYCC,LerayXT
56,56_S56_L001_R1_001.fastq,56_S56_L001_R2_001.fastq,UDP0058,UDP0058,B8,TANACYTCNGGRTGNCCRAARAAYCA,GGWACWRGWTGRACWNTNTAYCCYCC,LerayXT
57,57_S57_L001_R1_001.fastq,57_S57_L001_R2_001.fastq,UDP0059,UDP0059,C8,TANACYTCNGGRTGNCCRAARAAYCA,GGWACWRGWTGRACWNTNTAYCCYCC,LerayXT
58,58_S58_L001_R1_001.fastq,58_S58_L001_R2_001.fastq,UDP0060,UDP0060,D8,TANACYTCNGGRTGNCCRAARAAYCA,GGWACWRGWTGRACWNTNTAYCCYCC,LerayXT
59,59_S59_L001_R1_001.fastq,59_S59_L001_R2_001.fastq,UDP0061,UDP0061,E8,TANACYTCNGGRTGNCCRAARAAYCA,GGWACWRGWTGRACWNTNTAYCCYCC,LerayXT
60,60_S60_L001_R1_001.fastq,60_S60_L001_R2_001.fastq,UDP0062,UDP0062,F8,TANACYTCNGGRTGNCCRAARAAYCA,GGWACWRGWTGRACWNTNTAYCCYCC,LerayXT
61,61_S61_L001_R1_001.fastq,61_S61_L001_R2_001.fastq,UDP0063,UDP0063,G8,TANACYTCNGGRTGNCCRAARAAYCA,GGWACWRGWTGRACWNTNTAYCCYCC,LerayXT
62,62_S62_L001_R1_001.fastq,62_S62_L001_R2_001.fastq,UDP0064,UDP0064,H8,TANACYTCNGGRTGNCCRAARAAYCA,GGWACWRGWTGRACWNTNTAYCCYCC,LerayXT
63,63_S63_L001_R1_001.fastq,63_S63_L001_R2_001.fastq,UDP0065,UDP0065,A9,TANACYTCNGGRTGNCCRAARAAYCA,GGWACWRGWTGRACWNTNTAYCCYCC,LerayXT
64,64_S64_L001_R1_001.fastq,64_S64_L001_R2_001.fastq,UDP0066,UDP0066,B9,TANACYTCNGGRTGNCCRAARAAYCA,GGWACWRGWTGRACWNTNTAYCCYCC,LerayXT
65,65_S65_L001_R1_001.fastq,65_S65_L001_R2_001.fastq,UDP0067,UDP0067,C9,TANACYTCNGGRTGNCCRAARAAYCA,GGWACWRGWTGRACWNTNTAYCCYCC,LerayXT
66,66_S66_L001_R1_001.fastq,66_S66_L001_R2_001.fastq,UDP0068,UDP0068,D9,TANACYTCNGGRTGNCCRAARAAYCA,GGWACWRGWTGRACWNTNTAYCCYCC,LerayXT
67,67_S67_L001_R1_001.fastq,67_S67_L001_R2_001.fastq,UDP0069,UDP0069,E9,TANACYTCNGGRTGNCCRAARAAYCA,GGWACWRGWTGRACWNTNTAYCCYCC,LerayXT
68,68_S68_L001_R1_001.fastq,68_S68_L001_R2_001.fastq,UDP0070,UDP0070,F9,TANACYTCNGGRTGNCCRAARAAYCA,GGWACWRGWTGRACWNTNTAYCCYCC,LerayXT
69,69_S69_L001_R1_001.fastq,69_S69_L001_R2_001.fastq,UDP0071,UDP0071,G9,TANACYTCNGGRTGNCCRAARAAYCA,GGWACWRGWTGRACWNTNTAYCCYCC,LerayXT
70,70_S70_L001_R1_001.fastq,70_S70_L001_R2_001.fastq,UDP0072,UDP0072,H9,TANACYTCNGGRTGNCCRAARAAYCA,GGWACWRGWTGRACWNTNTAYCCYCC,LerayXT
71,71_S71_L001_R1_001.fastq,71_S71_L001_R2_001.fastq,UDP0073,UDP0073,A10,TANACYTCNGGRTGNCCRAARAAYCA,GGWACWRGWTGRACWNTNTAYCCYCC,LerayXT
72,72_S72_L001_R1_001.fastq,72_S72_L001_R2_001.fastq,UDP0074,UDP0074,B10,TANACYTCNGGRTGNCCRAARAAYCA,GGWACWRGWTGRACWNTNTAYCCYCC,LerayXT
73,73_S73_L001_R1_001.fastq,73_S73_L001_R2_001.fastq,UDP0075,UDP0075,C10,TANACYTCNGGRTGNCCRAARAAYCA,GGWACWRGWTGRACWNTNTAYCCYCC,LerayXT
74,74_S74_L001_R1_001.fastq,74_S74_L001_R2_001.fastq,UDP0076,UDP0076,D10,TANACYTCNGGRTGNCCRAARAAYCA,GGWACWRGWTGRACWNTNTAYCCYCC,LerayXT
75,75_S75_L001_R1_001.fastq,75_S75_L001_R2_001.fastq,UDP0077,UDP0077,E10,TANACYTCNGGRTGNCCRAARAAYCA,GGWACWRGWTGRACWNTNTAYCCYCC,LerayXT
76,76_S76_L001_R1_001.fastq,76_S76_L001_R2_001.fastq,UDP0078,UDP0078,F10,TANACYTCNGGRTGNCCRAARAAYCA,GGWACWRGWTGRACWNTNTAYCCYCC,LerayXT
77,77_S77_L001_R1_001.fastq,77_S77_L001_R2_001.fastq,UDP0079,UDP0079,G10,TANACYTCNGGRTGNCCRAARAAYCA,GGWACWRGWTGRACWNTNTAYCCYCC,LerayXT
78,78_S78_L001_R1_001.fastq,78_S78_L001_R2_001.fastq,UDP0080,UDP0080,H10,TANACYTCNGGRTGNCCRAARAAYCA,GGWACWRGWTGRACWNTNTAYCCYCC,LerayXT
79,79_S79_L001_R1_001.fastq,79_S79_L001_R2_001.fastq,UDP0081,UDP0081,A11,TANACYTCNGGRTGNCCRAARAAYCA,GGWACWRGWTGRACWNTNTAYCCYCC,LerayXT
80,80_S80_L001_R1_001.fastq,80_S80_L001_R2_001.fastq,UDP0082,UDP0082,B11,TANACYTCNGGRTGNCCRAARAAYCA,GGWACWRGWTGRACWNTNTAYCCYCC,LerayXT
81,81_S81_L001_R1_001.fastq,81_S81_L001_R2_001.fastq,UDP0083,UDP0083,C11,TANACYTCNGGRTGNCCRAARAAYCA,GGWACWRGWTGRACWNTNTAYCCYCC,LerayXT
82,82_S82_L001_R1_001.fastq,82_S82_L001_R2_001.fastq,UDP0084,UDP0084,D11,TANACYTCNGGRTGNCCRAARAAYCA,GGWACWRGWTGRACWNTNTAYCCYCC,LerayXT
83,83_S83_L001_R1_001.fastq,83_S83_L001_R2_001.fastq,UDP0085,UDP0085,E11,TANACYTCNGGRTGNCCRAARAAYCA,GGWACWRGWTGRACWNTNTAYCCYCC,LerayXT
84,84_S84_L001_R1_001.fastq,84_S84_L001_R2_001.fastq,UDP0086,UDP0086,F11,TANACYTCNGGRTGNCCRAARAAYCA,GGWACWRGWTGRACWNTNTAYCCYCC,LerayXT
85,85_S85_L001_R1_001.fastq,85_S85_L001_R2_001.fastq,UDP0087,UDP0087,G11,TANACYTCNGGRTGNCCRAARAAYCA,GGWACWRGWTGRACWNTNTAYCCYCC,LerayXT
86,86_S86_L001_R1_001.fastq,86_S86_L001_R2_001.fastq,UDP0088,UDP0088,H11,TANACYTCNGGRTGNCCRAARAAYCA,GGWACWRGWTGRACWNTNTAYCCYCC,LerayXT
87,87_S87_L001_R1_001.fastq,87_S87_L001_R2_001.fastq,UDP0089,UDP0089,A12,TANACYTCNGGRTGNCCRAARAAYCA,GGWACWRGWTGRACWNTNTAYCCYCC,LerayXT
88,88_S88_L001_R1_001.fastq,88_S88_L001_R2_001.fastq,UDP0090,UDP0090,B12,TANACYTCNGGRTGNCCRAARAAYCA,GGWACWRGWTGRACWNTNTAYCCYCC,LerayXT
89,89_S89_L001_R1_001.fastq,89_S89_L001_R2_001.fastq,UDP0091,UDP0091,C12,TANACYTCNGGRTGNCCRAARAAYCA,GGWACWRGWTGRACWNTNTAYCCYCC,LerayXT
90,90_S90_L001_R1_001.fastq,90_S90_L001_R2_001.fastq,UDP0092,UDP0092,D12,TANACYTCNGGRTGNCCRAARAAYCA,GGWACWRGWTGRACWNTNTAYCCYCC,LerayXT
91,91_S91_L001_R1_001.fastq,91_S91_L001_R2_001.fastq,UDP0093,UDP0093,E12,TANACYTCNGGRTGNCCRAARAAYCA,GGWACWRGWTGRACWNTNTAYCCYCC,LerayXT
92,92_S92_L001_R1_001.fastq,92_S92_L001_R2_001.fastq,UDP0094,UDP0094,F12,TANACYTCNGGRTGNCCRAARAAYCA,GGWACWRGWTGRACWNTNTAYCCYCC,LerayXT
93,93_S93_L001_R1_001.fastq,93_S93_L001_R2_001.fastq,UDP0095,UDP0095,G12,TANACYTCNGGRTGNCCRAARAAYCA,GGWACWRGWTGRACWNTNTAYCCYCC,LerayXT
94,94_S94_L001_R1_001.fastq,94_S94_L001_R2_001.fastq,UDP0096,UDP0096,H12,TANACYTCNGGRTGNCCRAARAAYCA,GGWACWRGWTGRACWNTNTAYCCYCC,LerayXT
